CustomerID_enc,Cluster
0,1
1,1
2,1
3,1
4,1
5,0
6,3
7,1
8,1
9,0
10,0
11,0
12,0
13,2
14,1
15,1
16,0
17,3
18,0
19,0
20,1
21,1
22,0
23,2
24,2
25,1
26,1
27,0
28,3
29,1
30,0
31,1
32,3
33,1
34,3
35,1
36,0
37,3
38,0
39,0
40,3
41,0
42,3
43,2
44,0
45,1
46,1
47,1
48,4
49,1
50,0
51,0
52,4
53,1
54,2
55,0
56,0
57,1
58,1
59,1
60,1
61,4
62,0
63,1
64,0
65,4
66,1
67,0
68,3
69,0
70,0
71,0
72,1
73,1
74,0
75,1
76,4
77,1
78,1
79,3
80,1
81,2
82,0
83,1
84,1
85,0
86,0
87,0
88,2
89,1
90,3
91,0
92,1
93,1
94,0
95,1
96,0
97,1
98,0
99,2
100,1
101,0
102,3
103,0
104,0
105,3
106,4
107,1
108,0
109,1
110,0
111,4
112,0
113,0
114,1
115,0
116,1
117,0
118,1
119,0
120,0
121,1
122,1
123,0
124,1
125,0
126,1
127,0
128,1
129,0
130,1
131,1
132,0
133,0
134,3
135,1
136,0
137,0
138,1
139,1
140,2
141,0
142,0
143,2
144,3
145,0
146,1
147,4
148,0
149,1
150,1
151,1
152,1
153,1
154,1
155,3
156,4
157,1
158,1
159,3
160,0
161,0
162,1
163,1
164,1
165,0
166,0
167,0
168,4
169,0
170,1
171,0
172,0
173,0
174,1
175,1
176,1
177,1
178,1
179,1
180,4
181,1
182,0
183,0
184,1
185,1
186,0
187,3
188,1
189,0
190,1
191,0
192,1
193,0
194,0
195,1
196,1
197,0
198,1
199,1
200,1
201,4
202,1
203,1
204,0
205,1
206,2
207,0
208,0
209,1
210,1
211,0
212,0
213,1
214,0
215,1
216,2
217,1
218,0
219,1
220,0
221,0
222,1
223,1
224,1
225,1
226,1
227,1
228,1
229,0
230,0
231,0
232,1
233,1
234,2
235,4
236,0
237,1
238,0
239,0
240,1
241,1
242,1
243,0
244,0
245,1
246,2
247,1
248,4
249,0
250,1
251,1
252,1
253,1
254,4
255,1
256,1
257,3
258,1
259,0
260,1
261,2
262,0
263,0
264,1
265,1
266,1
267,1
268,0
269,0
270,0
271,1
272,0
273,0
274,1
275,1
276,1
277,1
278,0
279,1
280,0
281,0
282,2
283,0
284,0
285,1
286,1
287,1
288,0
289,1
290,2
291,1
292,0
293,2
294,0
295,1
296,2
297,1
298,1
299,4
300,0
301,1
302,0
303,0
304,1
305,1
306,0
307,1
308,2
309,1
310,1
311,1
312,1
313,0
314,1
315,0
316,1
317,1
318,2
319,3
320,1
321,1
322,2
323,2
324,1
325,0
326,1
327,0
328,0
329,1
330,0
331,0
332,1
333,1
334,2
335,1
336,0
337,0
338,2
339,0
340,1
341,1
342,1
343,1
344,1
345,0
346,1
347,1
348,4
349,0
350,1
351,0
352,0
353,1
354,0
355,1
356,2
357,2
358,0
359,2
360,1
361,1
362,3
363,3
364,1
365,2
366,1
367,1
368,1
369,1
370,0
371,0
372,0
373,1
374,4
375,1
376,0
377,0
378,1
379,2
380,0
381,4
382,0
383,0
384,0
385,0
386,1
387,1
388,1
389,1
390,2
391,1
392,4
393,3
394,0
395,0
396,3
397,0
398,0
399,1
400,0
401,0
402,1
403,1
404,1
405,1
406,0
407,1
408,1
409,0
410,1
411,4
412,0
413,0
414,0
415,2
416,3
417,1
418,1
419,1
420,0
421,0
422,2
423,3
424,0
425,1
426,3
427,0
428,1
429,0
430,0
431,1
432,0
433,0
434,0
435,2
436,0
437,1
438,0
439,0
440,1
441,1
442,1
443,0
444,1
445,0
446,4
447,1
448,3
449,4
450,1
451,0
452,0
453,4
454,1
455,1
456,0
457,0
458,1
459,0
460,1
461,1
462,1
463,1
464,0
465,1
466,1
467,2
468,3
469,0
470,0
471,1
472,4
473,1
474,1
475,0
476,1
477,1
478,0
479,1
480,0
481,1
482,0
483,0
484,1
485,1
486,1
487,1
488,1
489,2
490,0
491,0
492,0
493,1
494,1
495,0
496,4
497,1
498,1
499,0
500,1
501,1
502,1
503,1
504,2
505,0
506,1
507,0
508,0
509,4
510,1
511,4
512,0
513,1
514,1
515,4
516,2
517,1
518,1
519,1
520,3
521,1
522,1
523,0
524,0
525,1
526,1
527,1
528,0
529,1
530,1
531,1
532,1
533,0
534,0
535,0
536,1
537,2
538,0
539,0
540,0
541,1
542,2
543,4
544,4
545,0
546,0
547,0
548,1
549,1
550,1
551,0
552,0
553,0
554,3
555,0
556,1
557,1
558,0
559,0
560,3
561,1
562,1
563,1
564,0
565,3
566,1
567,3
568,2
569,1
570,1
571,1
572,0
573,2
574,1
575,0
576,0
577,0
578,0
579,1
580,1
581,1
582,0
583,1
584,1
585,1
586,1
587,1
588,0
589,0
590,3
591,1
592,0
593,1
594,1
595,1
596,1
597,1
598,0
599,1
600,1
601,1
602,0
603,1
604,3
605,0
606,1
607,0
608,0
609,0
610,1
611,0
612,1
613,4
614,0
615,1
616,1
617,1
618,1
619,1
620,0
621,2
622,1
623,1
624,1
625,0
626,1
627,0
628,0
629,1
630,0
631,1
632,2
633,0
634,1
635,1
636,1
637,1
638,0
639,4
640,1
641,4
642,4
643,1
644,1
645,4
646,2
647,1
648,0
649,0
650,0
651,1
652,0
653,1
654,1
655,1
656,0
657,4
658,0
659,0
660,1
661,1
662,2
663,4
664,0
665,1
666,1
667,0
668,3
669,0
670,0
671,4
672,0
673,0
674,2
675,1
676,0
677,0
678,0
679,1
680,0
681,1
682,0
683,1
684,1
685,1
686,0
687,1
688,0
689,0
690,1
691,1
692,4
693,0
694,0
695,1
696,0
697,4
698,0
699,1
700,0
701,1
702,0
703,0
704,1
705,0
706,3
707,0
708,0
709,0
710,1
711,0
712,1
713,1
714,0
715,3
716,0
717,1
718,0
719,0
720,0
721,3
722,4
723,1
724,1
725,0
726,1
727,1
728,2
729,1
730,0
731,1
732,1
733,1
734,0
735,0
736,1
737,0
738,0
739,0
740,0
741,1
742,1
743,0
744,1
745,0
746,0
747,0
748,0
749,4
750,0
751,1
752,0
753,1
754,0
755,1
756,3
757,1
758,1
759,1
760,0
761,1
762,1
763,1
764,0
765,0
766,1
767,1
768,1
769,1
770,1
771,3
772,0
773,1
774,1
775,3
776,1
777,0
778,0
779,1
780,0
781,0
782,1
783,0
784,0
785,2
786,3
787,1
788,1
789,1
790,1
791,1
792,0
793,1
794,1
795,3
796,1
797,4
798,0
799,0
800,2
801,1
802,1
803,1
804,1
805,1
806,0
807,1
808,2
809,4
810,1
811,1
812,1
813,1
814,0
815,4
816,1
817,0
818,1
819,1
820,1
821,1
822,0
823,4
824,0
825,4
826,0
827,1
828,1
829,1
830,1
831,1
832,1
833,0
834,0
835,3
836,0
837,1
838,2
839,1
840,1
841,1
842,1
843,0
844,1
845,0
846,1
847,3
848,2
849,4
850,1
851,1
852,0
853,1
854,1
855,0
856,1
857,0
858,1
859,0
860,1
861,1
862,1
863,4
864,3
865,0
866,0
867,1
868,2
869,1
870,1
871,0
872,0
873,1
874,0
875,0
876,1
877,0
878,1
879,1
880,0
881,2
882,1
883,1
884,0
885,1
886,2
887,0
888,0
889,0
890,3
891,0
892,1
893,1
894,0
895,1
896,1
897,1
898,1
899,1
900,1
901,1
902,0
903,1
904,0
905,4
906,1
907,0
908,1
909,4
910,1
911,0
912,4
913,0
914,1
915,0
916,4
917,0
918,3
919,3
920,0
921,3
922,1
923,3
924,0
925,3
926,4
927,0
928,1
929,0
930,0
931,1
932,1
933,1
934,1
935,4
936,0
937,0
938,0
939,3
940,1
941,4
942,1
943,0
944,0
945,0
946,1
947,0
948,1
949,0
950,3
951,1
952,2
953,1
954,1
955,3
956,0
957,1
958,4
959,0
960,0
961,1
962,0
963,1
964,0
965,0
966,1
967,1
968,1
969,4
970,1
971,4
972,0
973,1
974,1
975,4
976,4
977,0
978,3
979,1
980,1
981,0
982,0
983,2
984,1
985,4
986,0
987,1
988,0
989,1
990,1
991,0
992,1
993,1
994,1
995,1
996,0
997,1
998,1
999,1
1000,1
1001,1
1002,0
1003,4
1004,0
1005,1
1006,1
1007,2
1008,3
1009,0
1010,4
1011,0
1012,0
1013,1
1014,1
1015,1
1016,0
1017,0
1018,1
1019,2
1020,0
1021,0
1022,0
1023,1
1024,0
1025,1
1026,3
1027,0
1028,1
1029,1
1030,0
1031,1
1032,3
1033,1
1034,2
1035,1
1036,0
1037,1
1038,1
1039,3
1040,1
1041,1
1042,1
1043,4
1044,2
1045,2
1046,1
1047,1
1048,0
1049,0
1050,1
1051,0
1052,0
1053,1
1054,0
1055,0
1056,0
1057,0
1058,1
1059,3
1060,4
1061,1
1062,1
1063,0
1064,0
1065,1
1066,0
1067,0
1068,0
1069,1
1070,0
1071,1
1072,1
1073,1
1074,1
1075,1
1076,0
1077,1
1078,1
1079,4
1080,0
1081,2
1082,2
1083,1
1084,3
1085,0
1086,1
1087,1
1088,0
1089,0
1090,4
1091,0
1092,4
1093,1
1094,1
1095,0
1096,0
1097,3
1098,1
1099,0
1100,4
1101,3
1102,0
1103,1
1104,4
1105,2
1106,1
1107,1
1108,1
1109,4
1110,1
1111,1
1112,0
1113,0
1114,0
1115,3
1116,1
1117,0
1118,0
1119,2
1120,2
1121,1
1122,1
1123,0
1124,0
1125,2
1126,3
1127,4
1128,1
1129,1
1130,1
1131,3
1132,0
1133,1
1134,0
1135,1
1136,1
1137,1
1138,0
1139,2
1140,0
1141,3
1142,1
1143,1
1144,0
1145,1
1146,0
1147,1
1148,4
1149,0
1150,1
1151,1
1152,0
1153,0
1154,3
1155,0
1156,1
1157,1
1158,1
1159,1
1160,0
1161,1
1162,1
1163,1
1164,1
1165,1
1166,1
1167,0
1168,1
1169,0
1170,2
1171,2
1172,0
1173,0
1174,0
1175,1
1176,4
1177,0
1178,2
1179,0
1180,0
1181,2
1182,1
1183,1
1184,0
1185,1
1186,0
1187,0
1188,1
1189,2
1190,1
1191,0
1192,1
1193,1
1194,1
1195,0
1196,1
1197,0
1198,0
1199,1
1200,1
1201,0
1202,1
1203,3
1204,0
1205,3
1206,0
1207,3
1208,1
1209,1
1210,1
1211,0
1212,0
1213,0
1214,1
1215,1
1216,1
1217,1
1218,1
1219,4
1220,0
1221,2
1222,0
1223,0
1224,1
1225,0
1226,0
1227,0
1228,0
1229,2
1230,1
1231,0
1232,0
1233,0
1234,2
1235,3
1236,0
1237,1
1238,1
1239,1
1240,1
1241,0
1242,0
1243,2
1244,2
1245,1
1246,0
1247,0
1248,0
1249,1
1250,1
1251,2
1252,0
1253,2
1254,1
1255,2
1256,3
1257,1
1258,0
1259,1
1260,0
1261,0
1262,0
1263,0
1264,4
1265,1
1266,0
1267,1
1268,1
1269,1
1270,1
1271,1
1272,0
1273,1
1274,1
1275,1
1276,3
1277,1
1278,1
1279,4
1280,1
1281,0
1282,1
1283,1
1284,0
1285,0
1286,0
1287,1
1288,0
1289,1
1290,0
1291,0
1292,0
1293,0
1294,2
1295,1
1296,4
1297,1
1298,3
1299,1
1300,0
1301,0
1302,2
1303,0
1304,0
1305,1
1306,3
1307,0
1308,1
1309,1
1310,1
1311,0
1312,0
1313,0
1314,0
1315,1
1316,0
1317,1
1318,0
1319,0
1320,1
1321,1
1322,0
1323,1
1324,2
1325,1
1326,1
1327,0
1328,1
1329,1
1330,2
1331,0
1332,0
1333,0
1334,0
1335,1
1336,1
1337,1
1338,3
1339,3
1340,1
1341,0
1342,1
1343,1
1344,1
1345,0
1346,1
1347,0
1348,0
1349,0
1350,0
1351,0
1352,1
1353,1
1354,1
1355,0
1356,2
1357,3
1358,0
1359,0
1360,0
1361,0
1362,0
1363,1
1364,0
1365,0
1366,1
1367,4
1368,0
1369,0
1370,4
1371,1
1372,1
1373,4
1374,0
1375,1
1376,1
1377,3
1378,0
1379,1
1380,1
1381,0
1382,1
1383,0
1384,3
1385,2
1386,2
1387,1
1388,3
1389,0
1390,1
1391,2
1392,1
1393,1
1394,0
1395,1
1396,0
1397,1
1398,1
1399,1
1400,1
1401,0
1402,3
1403,1
1404,0
1405,4
1406,0
1407,0
1408,1
1409,1
1410,1
1411,1
1412,1
1413,1
1414,0
1415,4
1416,0
1417,1
1418,1
1419,3
1420,0
1421,1
1422,1
1423,0
1424,0
1425,1
1426,3
1427,3
1428,1
1429,2
1430,0
1431,0
1432,2
1433,1
1434,0
1435,1
1436,1
1437,1
1438,3
1439,0
1440,1
1441,0
1442,0
1443,0
1444,0
1445,3
1446,1
1447,1
1448,0
1449,1
1450,0
1451,1
1452,2
1453,1
1454,0
1455,1
1456,1
1457,1
1458,1
1459,1
1460,0
1461,3
1462,0
1463,2
1464,1
1465,0
1466,4
1467,0
1468,1
1469,4
1470,0
1471,1
1472,1
1473,0
1474,0
1475,2
1476,0
1477,1
1478,1
1479,0
1480,0
1481,0
1482,0
1483,1
1484,1
1485,0
1486,0
1487,1
1488,0
1489,1
1490,1
1491,0
1492,0
1493,1
1494,2
1495,0
1496,0
1497,1
1498,0
1499,0
1500,1
1501,0
1502,1
1503,1
1504,2
1505,0
1506,0
1507,3
1508,0
1509,1
1510,0
1511,0
1512,1
1513,0
1514,0
1515,1
1516,1
1517,1
1518,0
1519,0
1520,4
1521,1
1522,1
1523,1
1524,0
1525,0
1526,1
1527,1
1528,3
1529,1
1530,1
1531,1
1532,4
1533,0
1534,0
1535,0
1536,0
1537,0
1538,1
1539,1
1540,0
1541,1
1542,2
1543,0
1544,1
1545,3
1546,0
1547,1
1548,1
1549,1
1550,1
1551,1
1552,1
1553,2
1554,1
1555,1
1556,0
1557,1
1558,0
1559,0
1560,0
1561,1
1562,1
1563,0
1564,0
1565,0
1566,0
1567,0
1568,0
1569,1
1570,1
1571,1
1572,1
1573,1
1574,1
1575,4
1576,1
1577,1
1578,0
1579,2
1580,3
1581,1
1582,0
1583,1
1584,1
1585,3
1586,0
1587,0
1588,1
1589,1
1590,2
1591,0
1592,0
1593,1
1594,0
1595,1
1596,0
1597,0
1598,1
1599,0
1600,0
1601,1
1602,0
1603,1
1604,3
1605,1
1606,2
1607,0
1608,1
1609,0
1610,0
1611,1
1612,1
1613,1
1614,1
1615,1
1616,1
1617,1
1618,1
1619,4
1620,0
1621,1
1622,4
1623,4
1624,1
1625,0
1626,0
1627,0
1628,0
1629,0
1630,1
1631,1
1632,3
1633,0
1634,0
1635,0
1636,0
1637,0
1638,2
1639,0
1640,0
1641,1
1642,1
1643,2
1644,1
1645,1
1646,4
1647,1
1648,0
1649,1
1650,3
1651,1
1652,0
1653,0
1654,1
1655,3
1656,0
1657,2
1658,0
1659,1
1660,4
1661,1
1662,1
1663,0
1664,0
1665,0
1666,3
1667,0
1668,1
1669,1
1670,0
1671,1
1672,3
1673,0
1674,1
1675,0
1676,1
1677,0
1678,1
1679,1
1680,2
1681,1
1682,1
1683,1
1684,1
1685,0
1686,0
1687,1
1688,1
1689,0
1690,0
1691,2
1692,1
1693,1
1694,0
1695,1
1696,1
1697,1
1698,0
1699,3
1700,1
1701,3
1702,4
1703,1
1704,1
1705,4
1706,4
1707,0
1708,1
1709,1
1710,3
1711,0
1712,1
1713,0
1714,3
1715,1
1716,0
1717,0
1718,1
1719,1
1720,0
1721,0
1722,0
1723,3
1724,1
1725,4
1726,1
1727,0
1728,1
1729,0
1730,1
1731,4
1732,4
1733,0
1734,0
1735,1
1736,0
1737,1
1738,0
1739,1
1740,0
1741,1
1742,1
1743,1
1744,0
1745,0
1746,0
1747,1
1748,4
1749,4
1750,0
1751,4
1752,4
1753,1
1754,1
1755,0
1756,2
1757,1
1758,0
1759,1
1760,0
1761,0
1762,0
1763,1
1764,2
1765,1
1766,1
1767,1
1768,1
1769,0
1770,0
1771,3
1772,1
1773,0
1774,0
1775,0
1776,1
1777,2
1778,4
1779,1
1780,0
1781,0
1782,1
1783,0
1784,3
1785,1
1786,1
1787,0
1788,3
1789,1
1790,0
1791,4
1792,0
1793,0
1794,1
1795,0
1796,0
1797,1
1798,4
1799,1
1800,1
1801,2
1802,1
1803,3
1804,0
1805,0
1806,0
1807,0
1808,0
1809,0
1810,3
1811,1
1812,0
1813,0
1814,0
1815,1
1816,1
1817,1
1818,0
1819,2
1820,3
1821,1
1822,1
1823,1
1824,0
1825,2
1826,1
1827,1
1828,0
1829,0
1830,1
1831,0
1832,2
1833,0
1834,1
1835,2
1836,1
1837,1
1838,0
1839,4
1840,0
1841,0
1842,0
1843,0
1844,2
1845,1
1846,1
1847,0
1848,0
1849,0
1850,0
1851,1
1852,1
1853,1
1854,1
1855,0
1856,1
1857,0
1858,0
1859,0
1860,2
1861,1
1862,1
1863,1
1864,4
1865,1
1866,1
1867,2
1868,0
1869,2
1870,0
1871,0
1872,0
1873,1
1874,2
1875,3
1876,4
1877,0
1878,0
1879,1
1880,1
1881,0
1882,0
1883,0
1884,1
1885,0
1886,2
1887,1
1888,4
1889,1
1890,0
1891,3
1892,1
1893,1
1894,3
1895,0
1896,0
1897,0
1898,2
1899,1
1900,0
1901,1
1902,1
1903,1
1904,0
1905,4
1906,1
1907,1
1908,0
1909,0
1910,0
1911,4
1912,1
1913,1
1914,1
1915,0
1916,0
1917,2
1918,1
1919,1
1920,4
1921,0
1922,3
1923,1
1924,1
1925,3
1926,1
1927,0
1928,0
1929,0
1930,1
1931,1
1932,1
1933,0
1934,0
1935,0
1936,0
1937,0
1938,1
1939,0
1940,2
1941,1
1942,2
1943,1
1944,4
1945,1
1946,3
1947,1
1948,1
1949,1
1950,1
1951,0
1952,1
1953,0
1954,1
1955,2
1956,1
1957,1
1958,1
1959,1
1960,3
1961,1
1962,0
1963,0
1964,0
1965,1
1966,4
1967,0
1968,0
1969,2
1970,3
1971,0
1972,1
1973,0
1974,1
1975,1
1976,0
1977,0
1978,1
1979,1
1980,0
1981,1
1982,0
1983,0
1984,1
1985,0
1986,0
1987,0
1988,1
1989,1
1990,4
1991,0
1992,1
1993,0
1994,1
1995,3
1996,0
1997,1
1998,0
1999,1
2000,0
2001,0
2002,0
2003,1
2004,0
2005,0
2006,0
2007,0
2008,0
2009,1
2010,0
2011,0
2012,1
2013,1
2014,0
2015,0
2016,0
2017,3
2018,4
2019,3
2020,3
2021,0
2022,1
2023,1
2024,0
2025,3
2026,0
2027,1
2028,0
2029,1
2030,1
2031,0
2032,0
2033,4
2034,0
2035,2
2036,1
2037,0
2038,0
2039,1
2040,1
2041,0
2042,1
2043,1
2044,2
2045,1
2046,1
2047,2
2048,0
2049,0
2050,1
2051,2
2052,1
2053,2
2054,1
2055,1
2056,1
2057,1
2058,1
2059,4
2060,3
2061,4
2062,1
2063,0
2064,0
2065,1
2066,1
2067,0
2068,1
2069,0
2070,1
2071,1
2072,0
2073,1
2074,1
2075,0
2076,1
2077,4
2078,0
2079,0
2080,0
2081,1
2082,0
2083,1
2084,1
2085,4
2086,0
2087,1
2088,1
2089,1
2090,1
2091,1
2092,2
2093,0
2094,0
2095,0
2096,0
2097,1
2098,1
2099,1
2100,0
2101,0
2102,0
2103,0
2104,4
2105,1
2106,0
2107,1
2108,0
2109,0
2110,2
2111,0
2112,1
2113,0
2114,0
2115,1
2116,0
2117,1
2118,2
2119,0
2120,1
2121,4
2122,2
2123,4
2124,2
2125,1
2126,1
2127,1
2128,1
2129,1
2130,1
2131,0
2132,2
2133,1
2134,1
2135,1
2136,1
2137,3
2138,1
2139,4
2140,1
2141,1
2142,2
2143,1
2144,0
2145,2
2146,1
2147,4
2148,0
2149,1
2150,3
2151,1
2152,1
2153,1
2154,0
2155,0
2156,1
2157,0
2158,1
2159,4
2160,0
2161,3
2162,3
2163,1
2164,1
2165,0
2166,1
2167,1
2168,0
2169,1
2170,1
2171,0
2172,1
2173,2
2174,1
2175,0
2176,1
2177,1
2178,1
2179,0
2180,1
2181,0
2182,1
2183,0
2184,4
2185,0
2186,0
2187,1
2188,3
2189,1
2190,0
2191,1
2192,3
2193,0
2194,1
2195,1
2196,3
2197,1
2198,3
2199,3
2200,2
2201,0
2202,1
2203,0
2204,1
2205,1
2206,0
2207,2
2208,0
2209,0
2210,1
2211,0
2212,0
2213,0
2214,1
2215,0
2216,1
2217,1
2218,1
2219,4
2220,4
2221,1
2222,0
2223,1
2224,0
2225,0
2226,0
2227,1
2228,1
2229,0
2230,0
2231,0
2232,1
2233,0
2234,0
2235,0
2236,0
2237,0
2238,0
2239,0
2240,1
2241,1
2242,0
2243,0
2244,2
2245,0
2246,0
2247,2
2248,3
2249,0
2250,4
2251,1
2252,1
2253,1
2254,0
2255,0
2256,1
2257,1
2258,1
2259,1
2260,1
2261,1
2262,0
2263,0
2264,1
2265,0
2266,1
2267,4
2268,0
2269,1
2270,1
2271,2
2272,1
2273,4
2274,1
2275,3
2276,4
2277,2
2278,2
2279,1
2280,1
2281,1
2282,1
2283,1
2284,0
2285,1
2286,0
2287,0
2288,0
2289,0
2290,4
2291,0
2292,1
2293,0
2294,1
2295,1
2296,4
2297,0
2298,0
2299,1
2300,1
2301,0
2302,0
2303,1
2304,0
2305,1
2306,1
2307,0
2308,1
2309,2
2310,0
2311,2
2312,1
2313,1
2314,1
2315,0
2316,1
2317,0
2318,1
2319,1
2320,1
2321,3
2322,1
2323,3
2324,1
2325,1
2326,1
2327,0
2328,0
2329,1
2330,0
2331,1
2332,1
2333,1
2334,4
2335,0
2336,1
2337,0
2338,1
2339,4
2340,0
2341,0
2342,0
2343,0
2344,3
2345,0
2346,1
2347,0
2348,1
2349,0
2350,0
2351,1
2352,1
2353,1
2354,4
2355,0
2356,2
2357,0
2358,1
2359,1
2360,1
2361,0
2362,0
2363,1
2364,0
2365,1
2366,1
2367,1
2368,1
2369,3
2370,4
2371,1
2372,0
2373,1
2374,0
2375,0
2376,0
2377,1
2378,3
2379,4
2380,1
2381,0
2382,0
2383,3
2384,2
2385,0
2386,0
2387,1
2388,1
2389,2
2390,3
2391,0
2392,0
2393,0
2394,1
2395,2
2396,0
2397,1
2398,1
2399,0
2400,0
2401,0
2402,2
2403,1
2404,0
2405,1
2406,1
2407,1
2408,0
2409,1
2410,2
2411,1
2412,1
2413,0
2414,0
2415,1
2416,0
2417,4
2418,0
2419,1
2420,0
2421,0
2422,1
2423,0
2424,1
2425,1
2426,0
2427,2
2428,2
2429,3
2430,0
2431,0
2432,0
2433,0
2434,2
2435,0
2436,0
2437,0
2438,4
2439,0
2440,0
2441,1
2442,1
2443,1
2444,4
2445,3
2446,3
2447,1
2448,0
2449,1
2450,0
2451,2
2452,1
2453,1
2454,3
2455,1
2456,1
2457,1
2458,1
2459,0
2460,1
2461,0
2462,1
2463,1
2464,1
2465,0
2466,0
2467,2
2468,0
2469,0
2470,0
2471,0
2472,3
2473,0
2474,0
2475,1
2476,0
2477,1
2478,0
2479,1
2480,2
2481,1
2482,2
2483,0
2484,1
2485,2
2486,1
2487,3
2488,0
2489,1
2490,0
2491,1
2492,0
2493,0
2494,2
2495,0
2496,1
2497,0
2498,1
2499,3
2500,1
2501,2
2502,1
2503,1
2504,3
2505,0
2506,0
2507,1
2508,0
2509,3
2510,0
2511,0
2512,0
2513,0
2514,0
2515,0
2516,4
2517,0
2518,1
2519,0
2520,1
2521,0
2522,4
2523,0
2524,1
2525,1
2526,0
2527,1
2528,0
2529,1
2530,1
2531,0
2532,1
2533,1
2534,0
2535,1
2536,0
2537,3
2538,2
2539,1
2540,0
2541,1
2542,2
2543,0
2544,0
2545,0
2546,3
2547,1
2548,3
2549,4
2550,0
2551,1
2552,4
2553,0
2554,0
2555,0
2556,1
2557,0
2558,1
2559,1
2560,1
2561,3
2562,0
2563,0
2564,0
2565,1
2566,0
2567,4
2568,0
2569,2
2570,4
2571,0
2572,1
2573,1
2574,2
2575,1
2576,0
2577,1
2578,0
2579,4
2580,0
2581,0
2582,1
2583,1
2584,2
2585,1
2586,1
2587,0
2588,1
2589,1
2590,1
2591,0
2592,0
2593,4
2594,1
2595,0
2596,1
2597,1
2598,1
2599,4
2600,2
2601,4
2602,2
2603,3
2604,2
2605,4
2606,0
2607,3
2608,1
2609,1
2610,1
2611,1
2612,0
2613,3
2614,2
2615,1
2616,3
2617,0
2618,0
2619,1
2620,0
2621,1
2622,1
2623,1
2624,0
2625,0
2626,1
2627,1
2628,1
2629,3
2630,0
2631,0
2632,4
2633,3
2634,1
2635,1
2636,0
2637,1
2638,0
2639,1
2640,0
2641,3
2642,1
2643,1
2644,0
2645,0
2646,2
2647,1
2648,2
2649,4
2650,0
2651,0
2652,1
2653,1
2654,2
2655,0
2656,1
2657,1
2658,0
2659,0
2660,0
2661,0
2662,0
2663,1
2664,2
2665,1
2666,1
2667,4
2668,1
2669,1
2670,1
2671,1
2672,4
2673,1
2674,0
2675,1
2676,0
2677,0
2678,0
2679,1
2680,2
2681,0
2682,0
2683,1
2684,0
2685,0
2686,1
2687,0
2688,0
2689,0
2690,3
2691,0
2692,1
2693,4
2694,0
2695,0
2696,2
2697,1
2698,0
2699,1
2700,1
2701,1
2702,1
2703,0
2704,1
2705,0
2706,0
2707,2
2708,3
2709,1
2710,1
2711,0
2712,0
2713,0
2714,1
2715,0
2716,3
2717,2
2718,0
2719,1
2720,2
2721,0
2722,0
2723,4
2724,1
2725,0
2726,0
2727,1
2728,1
2729,1
2730,1
2731,1
2732,3
2733,2
2734,1
2735,1
2736,0
2737,0
2738,1
2739,3
2740,1
2741,1
2742,1
2743,1
2744,1
2745,0
2746,0
2747,1
2748,1
2749,0
2750,2
2751,0
2752,0
2753,0
2754,0
2755,1
2756,0
2757,0
2758,1
2759,3
2760,3
2761,2
2762,1
2763,1
2764,1
2765,0
2766,0
2767,2
2768,1
2769,3
2770,2
2771,0
2772,0
2773,3
2774,1
2775,1
2776,3
2777,1
2778,0
2779,1
2780,4
2781,1
2782,1
2783,1
2784,0
2785,1
2786,0
2787,0
2788,1
2789,0
2790,1
2791,3
2792,0
2793,1
2794,1
2795,1
2796,2
2797,0
2798,1
2799,3
2800,1
2801,3
2802,0
2803,3
2804,0
2805,3
2806,1
2807,0
2808,0
2809,1
2810,3
2811,0
2812,1
2813,1
2814,1
2815,3
2816,0
2817,1
2818,1
2819,1
2820,0
2821,1
2822,0
2823,2
2824,3
2825,0
2826,0
2827,3
2828,0
2829,1
2830,1
2831,2
2832,1
2833,0
2834,0
2835,0
2836,0
2837,0
2838,1
2839,1
2840,0
2841,2
2842,1
2843,1
2844,4
2845,1
2846,0
2847,2
2848,2
2849,0
2850,1
2851,1
2852,0
2853,3
2854,1
2855,2
2856,0
2857,0
2858,4
2859,1
2860,0
2861,0
2862,0
2863,0
2864,1
2865,0
2866,1
2867,1
2868,0
2869,4
2870,0
2871,1
2872,1
2873,0
2874,0
2875,2
2876,4
2877,0
2878,1
2879,1
2880,0
2881,0
2882,2
2883,4
2884,4
2885,3
2886,0
2887,1
2888,4
2889,0
2890,0
2891,0
2892,1
2893,0
2894,1
2895,0
2896,3
2897,0
2898,1
2899,1
2900,0
2901,1
2902,4
2903,0
2904,1
2905,1
2906,1
2907,1
2908,0
2909,1
2910,0
2911,0
2912,1
2913,1
2914,1
2915,1
2916,0
2917,1
2918,0
2919,0
2920,1
2921,0
2922,1
2923,0
2924,0
2925,2
2926,0
2927,1
2928,1
2929,3
2930,0
2931,0
2932,4
2933,1
2934,1
2935,1
2936,1
2937,0
2938,0
2939,0
2940,1
2941,0
2942,0
2943,1
2944,1
2945,3
2946,0
2947,3
2948,1
2949,1
2950,2
2951,4
2952,1
2953,1
2954,1
2955,3
2956,0
2957,0
2958,1
2959,2
2960,1
2961,0
2962,0
2963,1
2964,0
2965,0
2966,3
2967,1
2968,1
2969,1
2970,1
2971,0
2972,0
2973,3
2974,0
2975,2
2976,1
2977,1
2978,1
2979,0
2980,1
2981,1
2982,0
2983,1
2984,0
2985,3
2986,0
2987,1
2988,0
2989,0
2990,2
2991,0
2992,1
2993,0
2994,3
2995,1
2996,2
2997,0
2998,1
2999,0
3000,0
3001,2
3002,4
3003,1
3004,1
3005,0
3006,1
3007,1
3008,4
3009,1
3010,0
3011,1
3012,3
3013,0
3014,1
3015,0
3016,1
3017,1
3018,0
3019,1
3020,0
3021,0
3022,0
3023,1
3024,0
3025,1
3026,0
3027,0
3028,1
3029,4
3030,4
3031,1
3032,1
3033,1
3034,0
3035,1
3036,1
3037,2
3038,1
3039,1
3040,1
3041,0
3042,0
3043,4
3044,0
3045,1
3046,0
3047,1
3048,0
3049,0
3050,3
3051,0
3052,0
3053,1
3054,4
3055,1
3056,1
3057,1
3058,0
3059,1
3060,0
3061,2
3062,0
3063,1
3064,1
3065,0
3066,0
3067,0
3068,1
3069,0
3070,0
3071,0
3072,0
3073,1
3074,0
3075,0
3076,1
3077,0
3078,0
3079,0
3080,0
3081,0
3082,1
3083,1
3084,0
3085,0
3086,0
3087,1
3088,1
3089,0
3090,0
3091,1
3092,1
3093,1
3094,4
3095,1
3096,0
3097,0
3098,1
3099,0
3100,0
3101,0
3102,1
3103,0
3104,1
3105,1
3106,4
3107,0
3108,1
3109,4
3110,0
3111,1
3112,4
3113,0
3114,1
3115,0
3116,1
3117,1
3118,0
3119,0
3120,1
3121,1
3122,1
3123,1
3124,0
3125,1
3126,1
3127,0
3128,1
3129,4
3130,1
3131,1
3132,1
3133,1
3134,0
3135,0
3136,0
3137,1
3138,1
3139,3
3140,0
3141,1
3142,1
3143,1
3144,0
3145,3
3146,0
3147,2
3148,0
3149,0
3150,0
3151,0
3152,1
3153,3
3154,1
3155,1
3156,1
3157,3
3158,0
3159,0
3160,0
3161,0
3162,1
3163,0
3164,0
3165,1
3166,0
3167,0
3168,0
3169,1
3170,0
3171,1
3172,0
3173,1
3174,1
3175,1
3176,1
3177,1
3178,1
3179,2
3180,1
3181,1
3182,1
3183,0
3184,0
3185,1
3186,1
3187,2
3188,0
3189,1
3190,2
3191,1
3192,0
3193,0
3194,3
3195,0
3196,4
3197,1
3198,1
3199,4
3200,0
3201,0
3202,1
3203,0
3204,0
3205,1
3206,0
3207,0
3208,0
3209,1
3210,1
3211,0
3212,4
3213,1
3214,1
3215,1
3216,1
3217,2
3218,0
3219,1
3220,0
3221,0
3222,1
3223,1
3224,0
3225,1
3226,0
3227,0
3228,1
3229,4
3230,1
3231,0
3232,2
3233,1
3234,0
3235,0
3236,0
3237,1
3238,0
3239,0
3240,0
3241,1
3242,3
3243,0
3244,0
3245,1
3246,1
3247,0
3248,4
3249,0
3250,0
3251,1
3252,1
3253,0
3254,4
3255,1
3256,3
3257,1
3258,1
3259,1
3260,1
3261,1
3262,1
3263,1
3264,1
3265,1
3266,1
3267,3
3268,1
3269,0
3270,4
3271,1
3272,1
3273,0
3274,1
3275,0
3276,0
3277,2
3278,1
3279,0
3280,0
3281,3
3282,0
3283,1
3284,1
3285,0
3286,3
3287,1
3288,4
3289,4
3290,0
3291,3
3292,0
3293,0
3294,0
3295,4
3296,0
3297,1
3298,0
3299,0
3300,1
3301,0
3302,0
3303,3
3304,0
3305,1
3306,1
3307,1
3308,3
3309,0
3310,4
3311,4
3312,1
3313,0
3314,1
3315,1
3316,1
3317,1
3318,1
3319,1
3320,1
3321,4
3322,1
3323,0
3324,0
3325,0
3326,1
3327,0
3328,0
3329,0
3330,0
3331,0
3332,1
3333,3
3334,1
3335,1
3336,1
3337,0
3338,0
3339,0
3340,1
3341,4
3342,0
3343,0
3344,1
3345,1
3346,1
3347,4
3348,1
3349,0
3350,1
3351,1
3352,3
3353,1
3354,2
3355,1
3356,2
3357,0
3358,0
3359,0
3360,3
3361,1
3362,2
3363,1
3364,0
3365,1
3366,1
3367,0
3368,1
3369,1
3370,2
3371,1
3372,1
3373,0
3374,1
3375,1
3376,0
3377,1
3378,0
3379,1
3380,1
3381,0
3382,2
3383,1
3384,1
3385,1
3386,0
3387,1
3388,4
3389,1
3390,0
3391,0
3392,0
3393,0
3394,0
3395,0
3396,0
3397,0
3398,3
3399,0
3400,0
3401,0
3402,1
3403,0
3404,1
3405,1
3406,1
3407,0
3408,1
3409,4
3410,0
3411,2
3412,1
3413,0
3414,4
3415,1
3416,1
3417,3
3418,0
3419,0
3420,1
3421,1
3422,0
3423,0
3424,0
3425,1
3426,3
3427,0
3428,1
3429,1
3430,4
3431,2
3432,0
3433,1
3434,1
3435,0
3436,1
3437,0
3438,0
3439,1
3440,1
3441,1
3442,0
3443,0
3444,0
3445,0
3446,1
3447,3
3448,1
3449,0
3450,1
3451,3
3452,1
3453,1
3454,1
3455,4
3456,0
3457,1
3458,1
3459,1
3460,0
3461,0
3462,1
3463,1
3464,2
3465,4
3466,2
3467,1
3468,1
3469,0
3470,0
3471,0
3472,1
3473,1
3474,3
3475,1
3476,0
3477,0
3478,0
3479,1
3480,1
3481,0
3482,0
3483,2
3484,1
3485,1
3486,4
3487,1
3488,1
3489,1
3490,3
3491,3
3492,0
3493,0
3494,1
3495,0
3496,4
3497,0
3498,1
3499,1
3500,3
3501,1
3502,0
3503,1
3504,1
3505,0
3506,3
3507,0
3508,1
3509,1
3510,0
3511,0
3512,1
3513,3
3514,1
3515,1
3516,0
3517,1
3518,1
3519,0
3520,1
3521,1
3522,0
3523,1
3524,0
3525,3
3526,1
3527,3
3528,0
3529,0
3530,0
3531,1
3532,1
3533,1
3534,1
3535,0
3536,1
3537,0
3538,0
3539,4
3540,1
3541,1
3542,0
3543,0
3544,1
3545,0
3546,0
3547,1
3548,0
3549,3
3550,1
3551,1
3552,1
3553,1
3554,0
3555,2
3556,0
3557,1
3558,1
3559,1
3560,0
3561,1
3562,1
3563,1
3564,4
3565,0
3566,0
3567,1
3568,1
3569,0
3570,3
3571,1
3572,1
3573,0
3574,1
3575,0
3576,1
3577,1
3578,0
3579,0
3580,1
3581,0
3582,0
3583,1
3584,0
3585,0
3586,1
3587,0
3588,0
3589,3
3590,1
3591,0
3592,1
3593,0
3594,1
3595,3
3596,1
3597,1
3598,3
3599,0
3600,1
3601,1
3602,4
3603,1
3604,0
3605,2
3606,2
3607,0
3608,0
3609,3
3610,1
3611,1
3612,1
3613,0
3614,2
3615,1
3616,1
3617,1
3618,4
3619,4
3620,1
3621,0
3622,0
3623,0
3624,1
3625,2
3626,4
3627,1
3628,0
3629,0
3630,1
3631,1
3632,0
3633,1
3634,0
3635,0
3636,3
3637,0
3638,1
3639,1
3640,2
3641,4
3642,1
3643,0
3644,0
3645,3
3646,1
3647,4
3648,1
3649,3
3650,4
3651,0
3652,4
3653,0
3654,3
3655,1
3656,1
3657,1
3658,1
3659,1
3660,1
3661,2
3662,2
3663,0
3664,1
3665,1
3666,1
3667,2
3668,1
3669,0
3670,0
3671,1
3672,0
3673,3
3674,0
3675,2
3676,1
3677,0
3678,0
3679,1
3680,0
3681,1
3682,1
3683,0
3684,0
3685,1
3686,1
3687,0
3688,1
3689,1
3690,1
3691,0
3692,0
3693,0
3694,1
3695,0
3696,1
3697,1
3698,0
3699,0
3700,1
3701,1
3702,1
3703,1
3704,4
3705,0
3706,1
3707,0
3708,0
3709,0
3710,4
3711,2
3712,1
3713,1
3714,1
3715,0
3716,0
3717,0
3718,0
3719,0
3720,0
3721,1
3722,1
3723,0
3724,1
3725,0
3726,0
3727,0
3728,2
3729,1
3730,1
3731,4
3732,0
3733,0
3734,0
3735,1
3736,3
3737,0
3738,0
3739,2
3740,3
3741,4
3742,0
3743,4
3744,1
3745,1
3746,1
3747,1
3748,0
3749,0
3750,1
3751,0
3752,0
3753,2
3754,1
3755,0
3756,1
3757,0
3758,0
3759,1
3760,1
3761,0
3762,1
3763,1
3764,1
3765,1
3766,1
3767,2
3768,2
3769,0
3770,0
3771,1
3772,0
3773,0
3774,1
3775,3
3776,4
3777,1
3778,1
3779,0
3780,1
3781,3
3782,2
3783,0
3784,2
3785,3
3786,0
3787,0
3788,1
3789,0
3790,1
3791,1
3792,2
3793,1
3794,4
3795,3
3796,1
3797,1
3798,1
3799,1
3800,0
3801,1
3802,3
3803,1
3804,1
3805,1
3806,1
3807,1
3808,0
3809,2
3810,3
3811,0
3812,1
3813,1
3814,0
3815,0
3816,1
3817,0
3818,1
3819,1
3820,1
3821,1
3822,0
3823,0
3824,1
3825,3
3826,1
3827,1
3828,1
3829,1
3830,1
3831,3
3832,1
3833,1
3834,0
3835,1
3836,1
3837,0
3838,1
3839,1
3840,0
3841,1
3842,0
3843,1
3844,1
3845,2
3846,1
3847,0
3848,1
3849,1
3850,0
3851,0
3852,3
3853,1
3854,0
3855,1
3856,3
3857,1
3858,1
3859,0
3860,1
3861,1
3862,1
3863,0
3864,2
3865,1
3866,1
3867,0
3868,0
3869,0
3870,0
3871,0
3872,1
3873,0
3874,1
3875,0
3876,1
3877,0
3878,0
3879,1
3880,1
3881,2
3882,4
3883,1
3884,1
3885,0
3886,1
3887,0
3888,3
3889,0
3890,1
3891,4
3892,1
3893,0
3894,0
3895,1
3896,0
3897,0
3898,2
3899,1
3900,0
3901,1
3902,0
3903,1
3904,1
3905,1
3906,0
3907,1
3908,4
3909,1
3910,1
3911,1
3912,1
3913,0
3914,1
3915,0
3916,1
3917,0
3918,1
3919,0
3920,1
3921,1
3922,2
3923,1
3924,1
3925,0
3926,1
3927,0
3928,0
3929,0
3930,1
3931,1
3932,1
3933,0
3934,1
3935,1
3936,1
3937,4
3938,1
3939,0
3940,2
3941,0
3942,0
3943,1
3944,1
3945,1
3946,1
3947,0
3948,0
3949,1
3950,1
3951,1
3952,3
3953,0
3954,1
3955,0
3956,1
3957,0
3958,0
3959,0
3960,1
3961,0
3962,0
3963,1
3964,1
3965,1
3966,1
3967,0
3968,0
3969,0
3970,1
3971,0
3972,0
3973,1
3974,3
3975,3
3976,0
3977,0
3978,0
3979,3
3980,1
3981,1
3982,4
3983,0
3984,1
3985,0
3986,1
3987,0
3988,0
3989,0
3990,1
3991,2
3992,1
3993,0
3994,1
3995,0
3996,1
3997,3
3998,1
3999,1
4000,0
4001,2
4002,0
4003,1
4004,1
4005,0
4006,1
4007,1
4008,0
4009,0
4010,0
4011,3
4012,1
4013,0
4014,0
4015,0
4016,1
4017,1
4018,1
4019,3
4020,0
4021,0
4022,2
4023,2
4024,1
4025,0
4026,0
4027,0
4028,1
4029,0
4030,0
4031,0
4032,0
4033,1
4034,0
4035,0
4036,0
4037,4
4038,3
4039,2
4040,1
4041,0
4042,1
4043,1
4044,1
4045,0
4046,0
4047,4
4048,0
4049,2
4050,1
4051,1
4052,1
4053,0
4054,1
4055,0
4056,0
4057,0
4058,1
4059,1
4060,1
4061,1
4062,0
4063,4
4064,4
4065,1
4066,0
4067,1
4068,4
4069,2
4070,0
4071,2
4072,4
4073,1
4074,2
4075,0
4076,2
4077,0
4078,1
4079,1
4080,0
4081,1
4082,3
4083,1
4084,1
4085,1
4086,0
4087,0
4088,1
4089,1
4090,0
4091,0
4092,1
4093,0
4094,1
4095,0
4096,0
4097,0
4098,0
4099,0
4100,0
4101,2
4102,4
4103,1
4104,0
4105,1
4106,0
4107,4
4108,3
4109,1
4110,2
4111,1
4112,1
4113,0
4114,0
4115,0
4116,0
4117,1
4118,1
4119,1
4120,4
4121,3
4122,1
4123,1
4124,3
4125,1
4126,3
4127,0
4128,1
4129,1
4130,1
4131,1
4132,0
4133,0
4134,4
4135,3
4136,4
4137,0
4138,0
4139,1
4140,2
4141,1
4142,1
4143,0
4144,1
4145,1
4146,1
4147,0
4148,0
4149,0
4150,3
4151,1
4152,1
4153,1
4154,1
4155,3
4156,1
4157,0
4158,0
4159,1
4160,0
4161,1
4162,0
4163,0
4164,1
4165,0
4166,1
4167,0
4168,3
4169,1
4170,2
4171,1
4172,0
4173,1
4174,4
4175,1
4176,0
4177,0
4178,0
4179,0
4180,0
4181,1
4182,1
4183,0
4184,0
4185,0
4186,0
4187,0
4188,0
4189,2
4190,1
4191,1
4192,0
4193,0
4194,0
4195,1
4196,0
4197,1
4198,1
4199,0
4200,1
4201,0
4202,1
4203,1
4204,2
4205,1
4206,1
4207,1
4208,0
4209,1
4210,0
4211,0
4212,0
4213,0
4214,4
4215,0
4216,2
4217,0
4218,0
4219,0
4220,0
4221,1
4222,0
4223,0
4224,0
4225,1
4226,1
4227,1
4228,1
4229,0
4230,1
4231,4
4232,2
4233,0
4234,3
4235,1
4236,0
4237,1
4238,3
4239,3
4240,0
4241,0
4242,2
4243,0
4244,0
4245,0
4246,0
4247,0
4248,1
4249,1
4250,2
4251,0
4252,0
4253,1
4254,0
4255,0
4256,1
4257,0
4258,1
4259,0
4260,1
4261,0
4262,4
4263,0
4264,1
4265,0
4266,0
4267,0
4268,0
4269,1
4270,1
4271,4
4272,0
4273,1
4274,1
4275,0
4276,0
4277,1
4278,1
4279,0
4280,1
4281,0
4282,1
4283,1
4284,0
4285,0
4286,1
4287,1
4288,0
4289,0
4290,1
4291,1
4292,1
4293,3
4294,1
4295,0
4296,1
4297,0
4298,1
4299,1
4300,0
4301,1
4302,1
4303,0
4304,1
4305,0
4306,1
4307,0
4308,1
4309,1
4310,1
4311,4
4312,0
4313,4
4314,0
4315,0
4316,4
4317,0
4318,0
4319,1
4320,0
4321,4
4322,0
4323,0
4324,0
4325,0
4326,3
4327,1
4328,2
4329,2
4330,1
4331,1
4332,2
4333,0
4334,3
4335,0
4336,1
4337,1
4338,1
4339,1
4340,0
4341,0
4342,2
4343,1
4344,0
4345,1
4346,1
4347,0
4348,4
4349,1
4350,2
4351,1
4352,2
4353,0
4354,0
4355,0
4356,1
4357,1
4358,1
4359,2
4360,1
4361,0
4362,4
4363,2
4364,1
4365,1
4366,2
4367,1
4368,1
4369,1
4370,2
4371,1
4372,1
4373,1
4374,3
4375,0
4376,0
4377,4
4378,3
4379,0
4380,0
4381,0
4382,1
4383,0
4384,1
4385,0
4386,0
4387,1
4388,1
4389,3
4390,0
4391,0
4392,0
4393,1
4394,0
4395,1
4396,0
4397,0
4398,0
4399,1
4400,1
4401,0
4402,4
4403,4
4404,1
4405,1
4406,1
4407,0
4408,0
4409,4
4410,0
4411,4
4412,1
4413,0
4414,0
4415,3
4416,1
4417,1
4418,1
4419,1
4420,1
4421,1
4422,0
4423,1
4424,0
4425,0
4426,1
4427,0
4428,2
4429,0
4430,3
4431,1
4432,1
4433,0
4434,1
4435,1
4436,1
4437,1
4438,1
4439,1
4440,0
4441,1
4442,0
4443,1
4444,0
4445,2
4446,3
4447,2
4448,0
4449,0
4450,0
4451,0
4452,1
4453,1
4454,1
4455,1
4456,1
4457,0
4458,1
4459,4
4460,2
4461,1
4462,3
4463,0
4464,1
4465,0
4466,1
4467,1
4468,0
4469,1
4470,1
4471,2
4472,0
4473,1
4474,0
4475,1
4476,2
4477,1
4478,4
4479,2
4480,1
4481,0
4482,1
4483,1
4484,2
4485,4
4486,1
4487,1
4488,1
4489,2
4490,0
4491,0
4492,0
4493,1
4494,1
4495,4
4496,1
4497,1
4498,0
4499,0
4500,1
4501,1
4502,0
4503,1
4504,0
4505,1
4506,0
4507,1
4508,3
4509,1
4510,1
4511,0
4512,0
4513,1
4514,1
4515,0
4516,0
4517,1
4518,1
4519,2
4520,1
4521,3
4522,0
4523,1
4524,1
4525,0
4526,0
4527,2
4528,0
4529,1
4530,1
4531,1
4532,1
4533,1
4534,1
4535,1
4536,1
4537,0
4538,1
4539,0
4540,2
4541,1
4542,3
4543,1
4544,1
4545,0
4546,1
4547,1
4548,1
4549,1
4550,0
4551,1
4552,1
4553,0
4554,1
4555,1
4556,1
4557,4
4558,1
4559,0
4560,1
4561,1
4562,1
4563,1
4564,0
4565,0
4566,0
4567,0
4568,0
4569,2
4570,3
4571,1
4572,1
4573,4
4574,1
4575,1
4576,0
4577,0
4578,1
4579,1
4580,1
4581,1
4582,0
4583,1
4584,1
4585,0
4586,0
4587,0
4588,0
4589,2
4590,4
4591,1
4592,0
4593,0
4594,0
4595,0
4596,0
4597,0
4598,0
4599,1
4600,1
4601,3
4602,0
4603,0
4604,0
4605,3
4606,2
4607,2
4608,0
4609,0
4610,1
4611,1
4612,1
4613,1
4614,1
4615,1
4616,3
4617,0
4618,0
4619,4
4620,0
4621,1
4622,1
4623,3
4624,3
4625,0
4626,1
4627,1
4628,0
4629,1
4630,1
4631,0
4632,4
4633,1
4634,1
4635,0
4636,1
4637,0
4638,1
4639,1
4640,1
4641,0
4642,1
4643,0
4644,0
4645,0
4646,4
4647,2
4648,0
4649,1
4650,0
4651,1
4652,1
4653,0
4654,4
4655,4
4656,1
4657,0
4658,1
4659,1
4660,0
4661,0
4662,0
4663,1
4664,1
4665,1
4666,1
4667,1
4668,1
4669,1
4670,1
4671,0
4672,2
4673,1
4674,0
4675,1
4676,2
4677,1
4678,0
4679,1
4680,0
4681,1
4682,3
4683,1
4684,0
4685,1
4686,1
4687,4
4688,1
4689,0
4690,1
4691,0
4692,0
4693,1
4694,1
4695,0
4696,1
4697,1
4698,1
4699,1
4700,4
4701,0
4702,0
4703,1
4704,0
4705,1
4706,1
4707,0
4708,1
4709,0
4710,1
4711,0
4712,0
4713,1
4714,1
4715,3
4716,2
4717,1
4718,0
4719,1
4720,1
4721,1
4722,1
4723,0
4724,1
4725,1
4726,1
4727,1
4728,1
4729,0
4730,0
4731,1
4732,0
4733,4
4734,1
4735,1
4736,0
4737,0
4738,0
4739,4
4740,0
4741,0
4742,1
4743,1
4744,1
4745,0
4746,2
4747,1
4748,0
4749,0
4750,1
4751,2
4752,0
4753,0
4754,1
4755,0
4756,2
4757,1
4758,0
4759,0
4760,1
4761,0
4762,3
4763,0
4764,0
4765,1
4766,1
4767,0
4768,1
4769,0
4770,0
4771,1
4772,1
4773,0
4774,1
4775,4
4776,1
4777,0
4778,0
4779,1
4780,1
4781,0
4782,1
4783,3
4784,0
4785,4
4786,1
4787,1
4788,2
4789,1
4790,0
4791,1
4792,1
4793,1
4794,2
4795,0
4796,1
4797,3
4798,0
4799,0
4800,1
4801,0
4802,3
4803,1
4804,2
4805,1
4806,0
4807,2
4808,1
4809,3
4810,1
4811,1
4812,1
4813,0
4814,0
4815,0
4816,1
4817,1
4818,0
4819,0
4820,1
4821,1
4822,0
4823,0
4824,4
4825,0
4826,1
4827,1
4828,1
4829,0
4830,1
4831,1
4832,0
4833,1
4834,0
4835,1
4836,0
4837,0
4838,0
4839,0
4840,0
4841,4
4842,1
4843,1
4844,1
4845,0
4846,0
4847,1
4848,0
4849,0
4850,3
4851,4
4852,0
4853,1
4854,1
4855,1
4856,1
4857,1
4858,1
4859,1
4860,1
4861,2
4862,4
4863,1
4864,1
4865,0
4866,0
4867,1
4868,1
4869,0
4870,3
4871,3
4872,1
4873,3
4874,1
4875,3
4876,0
4877,0
4878,1
4879,4
4880,1
4881,0
4882,0
4883,0
4884,3
4885,3
4886,1
4887,1
4888,0
4889,0
4890,1
4891,1
4892,0
4893,1
4894,0
4895,0
4896,4
4897,0
4898,1
4899,1
4900,3
4901,1
4902,0
4903,1
4904,1
4905,1
4906,0
4907,0
4908,1
4909,2
4910,0
4911,1
4912,1
4913,3
4914,3
4915,0
4916,0
4917,0
4918,0
4919,1
4920,4
4921,0
4922,0
4923,0
4924,1
4925,3
4926,1
4927,1
4928,1
4929,2
4930,0
4931,0
4932,0
4933,1
4934,4
4935,0
4936,0
4937,1
4938,1
4939,2
4940,4
4941,1
4942,2
4943,1
4944,3
4945,2
4946,1
4947,0
4948,1
4949,0
4950,4
4951,0
4952,4
4953,3
4954,2
4955,1
4956,0
4957,1
4958,0
4959,1
4960,0
4961,1
4962,1
4963,1
4964,1
4965,0
4966,1
4967,1
4968,0
4969,1
4970,1
4971,1
4972,1
4973,0
4974,2
4975,4
4976,1
4977,3
4978,0
4979,1
4980,4
4981,0
4982,3
4983,2
4984,4
4985,0
4986,1
4987,4
4988,1
4989,0
4990,2
4991,1
4992,0
4993,1
4994,0
4995,1
4996,2
4997,0
4998,1
4999,0
5000,1
5001,1
5002,1
5003,0
5004,1
5005,0
5006,1
5007,1
5008,1
5009,1
5010,0
5011,1
5012,0
5013,3
5014,3
5015,1
5016,1
5017,1
5018,1
5019,1
5020,0
5021,0
5022,0
5023,1
5024,0
5025,1
5026,0
5027,0
5028,1
5029,0
5030,1
5031,1
5032,0
5033,0
5034,0
5035,2
5036,0
5037,0
5038,0
5039,0
5040,4
5041,0
5042,3
5043,0
5044,1
5045,1
5046,0
5047,4
5048,1
5049,1
5050,0
5051,1
5052,1
5053,0
5054,2
5055,1
5056,1
5057,0
5058,0
5059,0
5060,1
5061,1
5062,1
5063,0
5064,0
5065,1
5066,0
5067,0
5068,0
5069,0
5070,0
5071,0
5072,3
5073,0
5074,1
5075,0
5076,1
5077,1
5078,3
5079,0
5080,1
5081,0
5082,1
5083,2
5084,1
5085,1
5086,3
5087,1
5088,0
5089,1
5090,1
5091,3
5092,0
5093,1
5094,1
5095,1
5096,1
5097,0
5098,3
5099,1
5100,3
5101,0
5102,2
5103,0
5104,0
5105,1
5106,1
5107,1
5108,0
5109,1
5110,4
5111,4
5112,1
5113,1
5114,1
5115,2
5116,0
5117,1
5118,1
5119,1
5120,0
5121,0
5122,2
5123,1
5124,1
5125,0
5126,2
5127,0
5128,0
5129,0
5130,0
5131,0
5132,0
5133,0
5134,1
5135,0
5136,1
5137,1
5138,0
5139,1
5140,3
5141,1
5142,1
5143,1
5144,0
5145,1
5146,1
5147,1
5148,0
5149,1
5150,1
5151,1
5152,3
5153,0
5154,1
5155,1
5156,0
5157,0
5158,3
5159,1
5160,1
5161,1
5162,3
5163,0
5164,1
5165,1
5166,4
5167,0
5168,0
5169,0
5170,0
5171,0
5172,0
5173,1
5174,1
5175,0
5176,0
5177,1
5178,0
5179,1
5180,1
5181,2
5182,2
5183,0
5184,0
5185,2
5186,3
5187,1
5188,0
5189,0
5190,4
5191,1
5192,0
5193,1
5194,1
5195,3
5196,3
5197,0
5198,0
5199,2
5200,0
5201,2
5202,0
5203,1
5204,1
5205,1
5206,1
5207,3
5208,3
5209,4
5210,1
5211,1
5212,1
5213,0
5214,1
5215,0
5216,1
5217,0
5218,0
5219,0
5220,1
5221,1
5222,1
5223,0
5224,1
5225,1
5226,2
5227,0
5228,1
5229,2
5230,3
5231,0
5232,1
5233,1
5234,0
5235,0
5236,0
5237,0
5238,1
5239,0
5240,1
5241,1
5242,1
5243,1
5244,0
5245,0
5246,1
5247,0
5248,0
5249,1
5250,1
5251,2
5252,1
5253,1
5254,0
5255,1
5256,4
5257,1
5258,1
5259,0
5260,0
5261,1
5262,1
5263,0
5264,0
5265,0
5266,1
5267,0
5268,1
5269,0
5270,1
5271,3
5272,0
5273,0
5274,0
5275,0
5276,4
5277,0
5278,0
5279,1
5280,4
5281,1
5282,0
5283,1
5284,1
5285,1
5286,0
5287,4
5288,0
5289,1
5290,1
5291,3
5292,1
5293,0
5294,2
5295,1
5296,0
5297,4
5298,0
5299,1
5300,1
5301,1
5302,0
5303,1
5304,1
5305,0
5306,0
5307,1
5308,0
5309,0
5310,3
5311,1
5312,0
5313,1
5314,1
5315,0
5316,1
5317,4
5318,4
5319,1
5320,0
5321,1
5322,0
5323,1
5324,1
5325,0
5326,0
5327,1
5328,1
5329,0
5330,2
5331,0
5332,1
5333,0
5334,1
5335,1
5336,0
5337,1
5338,0
5339,0
5340,1
5341,0
5342,0
5343,1
5344,1
5345,0
5346,0
5347,1
5348,1
5349,0
5350,1
5351,1
5352,1
5353,1
5354,1
5355,1
5356,1
5357,0
5358,1
5359,0
5360,1
5361,0
5362,0
5363,4
5364,0
5365,1
5366,3
5367,0
5368,0
5369,4
5370,1
5371,0
5372,4
5373,0
5374,1
5375,1
5376,0
5377,0
5378,1
5379,0
5380,0
5381,1
5382,1
5383,0
5384,2
5385,0
5386,0
5387,0
5388,1
5389,0
5390,3
5391,0
5392,3
5393,1
5394,0
5395,3
5396,0
5397,1
5398,0
5399,1
5400,0
5401,1
5402,0
5403,1
5404,0
5405,0
5406,4
5407,1
5408,0
5409,0
5410,4
5411,1
5412,2
5413,0
5414,1
5415,0
5416,1
5417,3
5418,0
5419,0
5420,2
5421,0
5422,0
5423,0
5424,1
5425,0
5426,4
5427,2
5428,1
5429,1
5430,0
5431,0
5432,2
5433,3
5434,3
5435,1
5436,1
5437,4
5438,1
5439,0
5440,1
5441,3
5442,1
5443,2
5444,0
5445,1
5446,0
5447,2
5448,1
5449,1
5450,1
5451,0
5452,3
5453,1
5454,0
5455,0
5456,2
5457,2
5458,0
5459,0
5460,1
5461,1
5462,4
5463,4
5464,0
5465,1
5466,0
5467,1
5468,1
5469,0
5470,1
5471,2
5472,1
5473,1
5474,0
5475,1
5476,1
5477,0
5478,2
5479,0
5480,1
5481,2
5482,0
5483,0
5484,1
5485,0
5486,3
5487,4
5488,0
5489,1
5490,1
5491,0
5492,4
5493,0
5494,1
5495,0
5496,1
5497,0
5498,0
5499,0
5500,1
5501,0
5502,1
5503,0
5504,1
5505,0
5506,0
5507,0
5508,1
5509,1
5510,1
5511,1
5512,3
5513,0
5514,4
5515,0
5516,0
5517,0
5518,0
5519,1
5520,1
5521,3
5522,4
5523,0
5524,1
5525,0
5526,1
5527,1
5528,0
5529,1
5530,1
5531,0
5532,1
5533,0
5534,1
5535,0
5536,1
5537,0
5538,1
5539,0
5540,1
5541,0
5542,0
5543,1
5544,0
5545,2
5546,1
5547,0
5548,1
5549,1
5550,1
5551,1
5552,0
5553,1
5554,0
5555,0
5556,0
5557,3
5558,1
5559,1
5560,0
5561,2
5562,1
5563,4
5564,4
5565,1
5566,0
5567,1
5568,1
5569,0
5570,1
5571,4
5572,1
5573,0
5574,1
5575,4
5576,0
5577,2
5578,0
5579,1
5580,0
5581,0
5582,1
5583,1
5584,1
5585,0
5586,0
5587,4
5588,1
5589,1
5590,1
5591,1
5592,0
5593,1
5594,0
5595,0
5596,1
5597,0
5598,1
5599,1
5600,1
5601,1
5602,1
5603,1
5604,1
5605,1
5606,3
5607,1
5608,1
5609,2
5610,0
5611,0
5612,4
5613,0
5614,1
5615,0
5616,1
5617,0
5618,0
5619,1
5620,1
5621,3
5622,1
5623,1
5624,0
5625,1
5626,1
5627,0
5628,0
5629,0
5630,0
5631,1
5632,1
5633,0
5634,0
5635,1
5636,1
5637,1
5638,4
5639,0
5640,3
5641,1
5642,1
5643,0
5644,3
5645,0
5646,1
5647,0
5648,0
5649,0
5650,0
5651,3
5652,1
5653,0
5654,1
5655,1
5656,0
5657,0
5658,1
5659,1
5660,0
5661,0
5662,3
5663,1
5664,1
5665,0
5666,1
5667,3
5668,3
5669,1
5670,0
5671,0
5672,0
5673,1
5674,3
5675,3
5676,2
5677,1
5678,0
5679,1
5680,0
5681,1
5682,1
5683,1
5684,0
5685,0
5686,0
5687,1
5688,0
5689,1
5690,3
5691,0
5692,1
5693,0
5694,1
5695,1
5696,0
5697,2
5698,0
5699,1
5700,0
5701,0
5702,1
5703,1
5704,1
5705,1
5706,1
5707,1
5708,0
5709,0
5710,1
5711,1
5712,1
5713,0
5714,4
5715,1
5716,3
5717,0
5718,0
5719,1
5720,1
5721,1
5722,1
5723,1
5724,0
5725,0
5726,0
5727,1
5728,0
5729,0
5730,0
5731,1
5732,2
5733,0
5734,1
5735,0
5736,0
5737,4
5738,0
5739,1
5740,0
5741,1
5742,0
5743,1
5744,1
5745,1
5746,1
5747,0
5748,0
5749,0
5750,1
5751,1
5752,4
5753,2
5754,1
5755,1
5756,0
5757,0
5758,0
5759,0
5760,0
5761,0
5762,0
5763,0
5764,1
5765,0
5766,0
5767,1
5768,1
5769,2
5770,1
5771,0
5772,2
5773,0
5774,3
5775,1
5776,3
5777,0
5778,1
5779,0
5780,0
5781,1
5782,1
5783,1
5784,0
5785,0
5786,2
5787,0
5788,1
5789,1
5790,0
5791,1
5792,0
5793,2
5794,1
5795,3
5796,0
5797,1
5798,1
5799,0
5800,1
5801,1
5802,2
5803,0
5804,0
5805,4
5806,0
5807,0
5808,0
5809,1
5810,0
5811,1
5812,0
5813,3
5814,0
5815,1
5816,1
5817,0
5818,1
5819,0
5820,0
5821,0
5822,2
5823,0
5824,1
5825,1
5826,0
5827,0
5828,1
5829,1
5830,2
5831,1
5832,1
5833,0
5834,1
5835,3
5836,1
5837,3
5838,4
5839,3
5840,4
5841,1
5842,0
5843,0
5844,1
5845,0
5846,0
5847,0
5848,1
5849,0
5850,1
5851,3
5852,0
5853,0
5854,0
5855,0
5856,0
5857,2
5858,0
5859,1
5860,0
5861,1
5862,1
5863,0
5864,2
5865,1
5866,0
5867,1
5868,0
5869,1
5870,1
5871,1
5872,1
5873,0
5874,0
5875,1
5876,1
5877,0
5878,1
5879,0
5880,0
5881,0
5882,0
5883,1
5884,1
5885,1
5886,0
5887,0
5888,0
5889,3
5890,0
5891,1
5892,1
5893,4
5894,2
5895,0
5896,2
5897,1
5898,0
5899,0
5900,1
5901,1
5902,1
5903,0
5904,0
5905,0
5906,3
5907,0
5908,1
5909,0
5910,3
5911,0
5912,0
5913,1
5914,1
5915,4
5916,2
5917,1
5918,1
5919,0
5920,1
5921,1
5922,1
5923,2
5924,0
5925,0
5926,0
5927,0
5928,1
5929,1
5930,0
5931,1
5932,0
5933,4
5934,1
5935,3
5936,1
5937,1
5938,0
5939,4
5940,1
5941,1
5942,0
5943,1
5944,3
5945,4
5946,0
5947,1
5948,2
5949,3
5950,1
5951,0
5952,1
5953,0
5954,0
5955,0
5956,1
5957,1
5958,4
5959,0
5960,1
5961,0
5962,1
5963,0
5964,2
5965,3
5966,0
5967,4
5968,1
5969,0
5970,4
5971,0
5972,3
5973,1
5974,1
5975,1
5976,1
5977,1
5978,0
5979,1
5980,1
5981,1
5982,0
5983,1
5984,0
5985,1
5986,1
5987,0
5988,1
5989,1
5990,1
5991,2
5992,1
5993,0
5994,0
5995,0
5996,1
5997,1
5998,0
5999,0
6000,0
6001,0
6002,1
6003,0
6004,0
6005,0
6006,1
6007,1
6008,2
6009,4
6010,0
6011,0
6012,0
6013,0
6014,0
6015,0
6016,0
6017,1
6018,1
6019,4
6020,1
6021,1
6022,0
6023,1
6024,3
6025,0
6026,1
6027,2
6028,1
6029,1
6030,2
6031,0
6032,0
6033,0
6034,0
6035,4
6036,1
6037,0
6038,1
6039,0
6040,0
6041,0
6042,1
6043,1
6044,0
6045,0
6046,1
6047,0
6048,1
6049,1
6050,0
6051,1
6052,1
6053,0
6054,0
6055,0
6056,0
6057,2
6058,0
6059,0
6060,1
6061,1
6062,1
6063,1
6064,0
6065,4
6066,1
6067,0
6068,1
6069,0
6070,2
6071,2
6072,1
6073,1
6074,0
6075,0
6076,1
6077,0
6078,0
6079,3
6080,0
6081,0
6082,0
6083,1
6084,1
6085,1
6086,0
6087,0
6088,0
6089,1
6090,1
6091,0
6092,2
6093,1
6094,0
6095,0
6096,1
6097,1
6098,3
6099,1
6100,1
6101,1
6102,0
6103,0
6104,1
6105,1
6106,1
6107,2
6108,0
6109,2
6110,2
6111,3
6112,1
6113,1
6114,2
6115,1
6116,0
6117,0
6118,0
6119,0
6120,0
6121,1
6122,1
6123,0
6124,1
6125,1
6126,1
6127,1
6128,0
6129,1
6130,1
6131,3
6132,0
6133,4
6134,1
6135,1
6136,0
6137,1
6138,0
6139,0
6140,1
6141,1
6142,3
6143,1
6144,0
6145,1
6146,0
6147,0
6148,1
6149,0
6150,0
6151,0
6152,1
6153,1
6154,1
6155,1
6156,0
6157,1
6158,0
6159,3
6160,2
6161,0
6162,0
6163,1
6164,0
6165,0
6166,2
6167,0
6168,1
6169,0
6170,1
6171,1
6172,1
6173,4
6174,4
6175,0
6176,0
6177,0
6178,1
6179,2
6180,1
6181,3
6182,3
6183,1
6184,1
6185,1
6186,0
6187,0
6188,1
6189,3
6190,1
6191,1
6192,0
6193,0
6194,1
6195,1
6196,3
6197,1
6198,0
6199,2
6200,0
6201,3
6202,0
6203,1
6204,1
6205,2
6206,0
6207,0
6208,2
6209,1
6210,0
6211,4
6212,1
6213,0
6214,2
6215,1
6216,3
6217,0
6218,3
6219,1
6220,1
6221,0
6222,1
6223,4
6224,0
6225,0
6226,0
6227,4
6228,4
6229,1
6230,0
6231,1
6232,1
6233,0
6234,4
6235,0
6236,0
6237,1
6238,1
6239,0
6240,0
6241,1
6242,1
6243,0
6244,1
6245,0
6246,2
6247,1
6248,0
6249,0
6250,1
6251,2
6252,2
6253,0
6254,1
6255,0
6256,0
6257,1
6258,1
6259,2
6260,0
6261,4
6262,0
6263,1
6264,2
6265,0
6266,1
6267,1
6268,1
6269,0
6270,3
6271,0
6272,1
6273,0
6274,1
6275,1
6276,0
6277,0
6278,0
6279,1
6280,1
6281,0
6282,4
6283,0
6284,4
6285,0
6286,0
6287,0
6288,2
6289,1
6290,1
6291,2
6292,4
6293,1
6294,0
6295,0
6296,4
6297,1
6298,0
6299,0
6300,1
6301,0
6302,1
6303,2
6304,1
6305,1
6306,1
6307,0
6308,1
6309,1
6310,0
6311,3
6312,0
6313,1
6314,1
6315,0
6316,1
6317,0
6318,1
6319,0
6320,1
6321,1
6322,0
6323,1
6324,0
6325,2
6326,4
6327,1
6328,2
6329,1
6330,1
6331,1
6332,0
6333,0
6334,1
6335,0
6336,1
6337,1
6338,0
6339,0
6340,2
6341,1
6342,0
6343,4
6344,0
6345,0
6346,0
6347,0
6348,1
6349,1
6350,1
6351,0
6352,0
6353,0
6354,0
6355,1
6356,0
6357,4
6358,1
6359,0
6360,1
6361,0
6362,1
6363,2
6364,0
6365,1
6366,0
6367,1
6368,0
6369,1
6370,1
6371,1
6372,1
6373,0
6374,0
6375,1
6376,1
6377,1
6378,0
6379,0
6380,0
6381,0
6382,1
6383,3
6384,1
6385,0
6386,4
6387,0
6388,0
6389,1
6390,0
6391,0
6392,0
6393,0
6394,1
6395,1
6396,2
6397,0
6398,0
6399,1
6400,1
6401,0
6402,0
6403,0
6404,0
6405,4
6406,4
6407,1
6408,2
6409,3
6410,0
6411,1
6412,1
6413,2
6414,0
6415,1
6416,1
6417,1
6418,4
6419,1
6420,1
6421,1
6422,3
6423,1
6424,0
6425,1
6426,1
6427,4
6428,0
6429,0
6430,0
6431,0
6432,0
6433,1
6434,3
6435,1
6436,1
6437,0
6438,0
6439,1
6440,2
6441,0
6442,1
6443,1
6444,1
6445,1
6446,0
6447,2
6448,0
6449,1
6450,1
6451,0
6452,0
6453,0
6454,1
6455,1
6456,1
6457,0
6458,1
6459,0
6460,4
6461,0
6462,0
6463,0
6464,0
6465,1
6466,1
6467,1
6468,2
6469,3
6470,1
6471,2
6472,0
6473,0
6474,2
6475,1
6476,1
6477,0
6478,1
6479,0
6480,3
6481,1
6482,1
6483,1
6484,4
6485,1
6486,2
6487,0
6488,0
6489,1
6490,1
6491,0
6492,3
6493,1
6494,0
6495,1
6496,1
6497,0
6498,1
6499,3
6500,0
6501,0
6502,1
6503,0
6504,0
6505,0
6506,1
6507,1
6508,4
6509,0
6510,2
6511,0
6512,0
6513,0
6514,0
6515,1
6516,1
6517,1
6518,0
6519,0
6520,1
6521,1
6522,1
6523,1
6524,4
6525,2
6526,1
6527,1
6528,0
6529,0
6530,1
6531,1
6532,0
6533,1
6534,1
6535,0
6536,1
6537,1
6538,0
6539,0
6540,3
6541,1
6542,0
6543,0
6544,0
6545,0
6546,2
6547,1
6548,0
6549,0
6550,0
6551,1
6552,1
6553,1
6554,1
6555,1
6556,0
6557,1
6558,0
6559,0
6560,0
6561,1
6562,1
6563,0
6564,4
6565,4
6566,1
6567,1
6568,0
6569,0
6570,0
6571,0
6572,0
6573,2
6574,2
6575,0
6576,0
6577,1
6578,0
6579,1
6580,2
6581,1
6582,3
6583,2
6584,1
6585,3
6586,1
6587,1
6588,0
6589,2
6590,1
6591,1
6592,0
6593,3
6594,0
6595,2
6596,4
6597,1
6598,1
6599,0
6600,1
6601,4
6602,0
6603,0
6604,3
6605,0
6606,4
6607,1
6608,1
6609,0
6610,1
6611,0
6612,0
6613,3
6614,0
6615,1
6616,1
6617,1
6618,1
6619,1
6620,1
6621,0
6622,0
6623,0
6624,2
6625,2
6626,0
6627,1
6628,1
6629,2
6630,1
6631,1
6632,1
6633,3
6634,1
6635,0
6636,0
6637,0
6638,0
6639,1
6640,0
6641,1
6642,0
6643,1
6644,0
6645,3
6646,3
6647,1
6648,0
6649,2
6650,1
6651,0
6652,4
6653,2
6654,1
6655,4
6656,0
6657,1
6658,0
6659,1
6660,4
6661,4
6662,4
6663,0
6664,1
6665,1
6666,1
6667,1
6668,1
6669,3
6670,1
6671,2
6672,1
6673,1
6674,0
6675,1
6676,1
6677,0
6678,0
6679,1
6680,1
6681,0
6682,1
6683,0
6684,1
6685,1
6686,0
6687,3
6688,2
6689,3
6690,0
6691,1
6692,1
6693,1
6694,0
6695,0
6696,0
6697,1
6698,0
6699,1
6700,0
6701,0
6702,1
6703,1
6704,4
6705,1
6706,1
6707,1
6708,1
6709,3
6710,0
6711,1
6712,1
6713,3
6714,1
6715,4
6716,0
6717,1
6718,0
6719,1
6720,0
6721,1
6722,1
6723,1
6724,0
6725,1
6726,0
6727,0
6728,0
6729,1
6730,1
6731,1
6732,0
6733,1
6734,1
6735,0
6736,4
6737,0
6738,4
6739,1
6740,0
6741,1
6742,4
6743,1
6744,1
6745,3
6746,4
6747,0
6748,1
6749,0
6750,1
6751,0
6752,1
6753,0
6754,2
6755,1
6756,3
6757,1
6758,0
6759,0
6760,3
6761,1
6762,1
6763,1
6764,1
6765,0
6766,0
6767,0
6768,0
6769,2
6770,1
6771,0
6772,3
6773,1
6774,1
6775,1
6776,4
6777,1
6778,1
6779,1
6780,1
6781,1
6782,1
6783,0
6784,0
6785,0
6786,0
6787,1
6788,4
6789,1
6790,1
6791,1
6792,1
6793,1
6794,3
6795,4
6796,1
6797,3
6798,1
6799,2
6800,1
6801,1
6802,0
6803,1
6804,3
6805,0
6806,1
6807,0
6808,0
6809,4
6810,1
6811,0
6812,4
6813,1
6814,1
6815,1
6816,0
6817,1
6818,1
6819,0
6820,1
6821,1
6822,0
6823,0
6824,0
6825,1
6826,0
6827,0
6828,0
6829,0
6830,1
6831,0
6832,1
6833,1
6834,0
6835,3
6836,1
6837,0
6838,1
6839,0
6840,1
6841,0
6842,1
6843,1
6844,1
6845,0
6846,1
6847,0
6848,0
6849,3
6850,1
6851,1
6852,2
6853,0
6854,0
6855,1
6856,1
6857,1
6858,0
6859,0
6860,0
6861,0
6862,0
6863,1
6864,3
6865,4
6866,0
6867,0
6868,0
6869,0
6870,1
6871,3
6872,0
6873,0
6874,1
6875,1
6876,1
6877,1
6878,1
6879,0
6880,1
6881,1
6882,0
6883,1
6884,0
6885,0
6886,0
6887,4
6888,1
6889,1
6890,2
6891,1
6892,1
6893,0
6894,4
6895,0
6896,0
6897,0
6898,0
6899,3
6900,0
6901,0
6902,1
6903,0
6904,1
6905,1
6906,0
6907,0
6908,2
6909,2
6910,0
6911,0
6912,1
6913,1
6914,0
6915,1
6916,0
6917,1
6918,4
6919,1
6920,0
6921,0
6922,1
6923,0
6924,0
6925,1
6926,0
6927,1
6928,0
6929,4
6930,1
6931,0
6932,0
6933,3
6934,0
6935,1
6936,4
6937,0
6938,0
6939,1
6940,0
6941,0
6942,1
6943,1
6944,0
6945,0
6946,0
6947,0
6948,1
6949,4
6950,2
6951,1
6952,0
6953,3
6954,0
6955,0
6956,1
6957,4
6958,1
6959,1
6960,0
6961,1
6962,0
6963,2
6964,1
6965,1
6966,0
6967,0
6968,0
6969,1
6970,0
6971,1
6972,0
6973,1
6974,0
6975,3
6976,2
6977,1
6978,0
6979,1
6980,2
6981,3
6982,0
6983,1
6984,2
6985,0
6986,1
6987,1
6988,1
6989,0
6990,1
6991,0
6992,1
6993,3
6994,0
6995,1
6996,1
6997,1
6998,0
6999,0
7000,0
7001,0
7002,1
7003,1
7004,1
7005,1
7006,0
7007,0
7008,1
7009,1
7010,1
7011,1
7012,1
7013,0
7014,1
7015,0
7016,1
7017,4
7018,0
7019,1
7020,0
7021,0
7022,1
7023,0
7024,1
7025,1
7026,0
7027,0
7028,0
7029,0
7030,1
7031,0
7032,1
7033,1
7034,1
7035,1
7036,3
7037,0
7038,0
7039,1
7040,0
7041,1
7042,0
7043,4
7044,1
7045,3
7046,4
7047,1
7048,0
7049,1
7050,1
7051,4
7052,0
7053,1
7054,0
7055,0
7056,1
7057,0
7058,0
7059,1
7060,0
7061,1
7062,0
7063,1
7064,4
7065,1
7066,0
7067,1
7068,0
7069,0
7070,4
7071,1
7072,1
7073,1
7074,2
7075,0
7076,1
7077,1
7078,3
7079,1
7080,0
7081,1
7082,1
7083,0
7084,1
7085,1
7086,0
7087,1
7088,1
7089,0
7090,4
7091,1
7092,1
7093,1
7094,1
7095,0
7096,4
7097,3
7098,0
7099,0
7100,0
7101,2
7102,3
7103,1
7104,1
7105,1
7106,0
7107,3
7108,0
7109,1
7110,3
7111,3
7112,1
7113,0
7114,1
7115,0
7116,0
7117,0
7118,1
7119,0
7120,2
7121,2
7122,4
7123,0
7124,1
7125,0
7126,0
7127,0
7128,1
7129,1
7130,0
7131,1
7132,0
7133,0
7134,1
7135,1
7136,0
7137,1
7138,0
7139,1
7140,1
7141,1
7142,1
7143,0
7144,0
7145,1
7146,0
7147,1
7148,0
7149,1
7150,0
7151,2
7152,0
7153,3
7154,1
7155,0
7156,0
7157,0
7158,0
7159,3
7160,0
7161,0
7162,0
7163,0
7164,0
7165,1
7166,0
7167,1
7168,0
7169,0
7170,1
7171,2
7172,0
7173,0
7174,2
7175,1
7176,1
7177,1
7178,0
7179,0
7180,1
7181,1
7182,1
7183,0
7184,2
7185,3
7186,1
7187,1
7188,0
7189,0
7190,1
7191,3
7192,2
7193,1
7194,0
7195,0
7196,1
7197,1
7198,2
7199,3
7200,0
7201,0
7202,1
7203,1
7204,0
7205,0
7206,2
7207,0
7208,0
7209,1
7210,2
7211,0
7212,4
7213,1
7214,1
7215,0
7216,1
7217,1
7218,1
7219,0
7220,4
7221,3
7222,1
7223,0
7224,4
7225,0
7226,3
7227,0
7228,1
7229,0
7230,1
7231,1
7232,0
7233,0
7234,0
7235,0
7236,1
7237,1
7238,3
7239,1
7240,0
7241,0
7242,1
7243,3
7244,0
7245,1
7246,1
7247,0
7248,1
7249,2
7250,0
7251,0
7252,3
7253,1
7254,3
7255,0
7256,0
7257,1
7258,1
7259,0
7260,0
7261,0
7262,1
7263,4
7264,1
7265,1
7266,1
7267,1
7268,0
7269,4
7270,1
7271,0
7272,0
7273,1
7274,4
7275,1
7276,1
7277,1
7278,1
7279,2
7280,1
7281,2
7282,1
7283,1
7284,1
7285,1
7286,0
7287,2
7288,0
7289,1
7290,0
7291,1
7292,0
7293,1
7294,4
7295,1
7296,0
7297,0
7298,1
7299,1
7300,0
7301,0
7302,1
7303,1
7304,1
7305,3
7306,0
7307,1
7308,0
7309,1
7310,1
7311,4
7312,1
7313,2
7314,1
7315,1
7316,0
7317,0
7318,1
7319,0
7320,4
7321,1
7322,1
7323,1
7324,1
7325,1
7326,0
7327,1
7328,1
7329,1
7330,1
7331,0
7332,1
7333,1
7334,0
7335,0
7336,0
7337,1
7338,3
7339,1
7340,2
7341,0
7342,1
7343,1
7344,1
7345,1
7346,1
7347,3
7348,1
7349,0
7350,0
7351,0
7352,1
7353,1
7354,1
7355,1
7356,0
7357,1
7358,0
7359,1
7360,1
7361,1
7362,3
7363,0
7364,1
7365,0
7366,1
7367,1
7368,1
7369,0
7370,1
7371,1
7372,2
7373,2
7374,1
7375,0
7376,0
7377,1
7378,1
7379,0
7380,0
7381,2
7382,2
7383,1
7384,0
7385,1
7386,1
7387,1
7388,1
7389,1
7390,0
7391,0
7392,4
7393,0
7394,3
7395,0
7396,1
7397,0
7398,4
7399,1
7400,1
7401,0
7402,3
7403,1
7404,3
7405,0
7406,1
7407,0
7408,1
7409,0
7410,0
7411,1
7412,2
7413,1
7414,0
7415,3
7416,0
7417,0
7418,0
7419,2
7420,1
7421,1
7422,3
7423,1
7424,1
7425,1
7426,1
7427,0
7428,4
7429,1
7430,0
7431,1
7432,1
7433,1
7434,1
7435,0
7436,0
7437,1
7438,1
7439,0
7440,0
7441,1
7442,2
7443,1
7444,0
7445,1
7446,1
7447,1
7448,1
7449,1
7450,1
7451,1
7452,0
7453,1
7454,0
7455,3
7456,1
7457,0
7458,1
7459,1
7460,0
7461,0
7462,1
7463,1
7464,1
7465,2
7466,3
7467,0
7468,0
7469,0
7470,0
7471,0
7472,1
7473,0
7474,1
7475,1
7476,1
7477,1
7478,1
7479,0
7480,1
7481,0
7482,4
7483,0
7484,0
7485,1
7486,1
7487,0
7488,1
7489,3
7490,0
7491,0
7492,0
7493,1
7494,1
7495,1
7496,1
7497,0
7498,1
7499,3
7500,1
7501,1
7502,0
7503,0
7504,1
7505,1
7506,0
7507,1
7508,0
7509,1
7510,1
7511,0
7512,1
7513,3
7514,1
7515,0
7516,1
7517,1
7518,1
7519,1
7520,0
7521,4
7522,1
7523,2
7524,0
7525,0
7526,1
7527,0
7528,0
7529,1
7530,2
7531,0
7532,1
7533,1
7534,1
7535,1
7536,1
7537,4
7538,1
7539,1
7540,0
7541,1
7542,1
7543,1
7544,1
7545,3
7546,0
7547,1
7548,0
7549,0
7550,1
7551,0
7552,1
7553,1
7554,2
7555,1
7556,1
7557,0
7558,1
7559,1
7560,1
7561,4
7562,1
7563,0
7564,0
7565,1
7566,1
7567,1
7568,0
7569,0
7570,2
7571,1
7572,0
7573,0
7574,1
7575,1
7576,0
7577,0
7578,2
7579,0
7580,0
7581,0
7582,1
7583,1
7584,2
7585,1
7586,2
7587,1
7588,3
7589,0
7590,1
7591,1
7592,1
7593,0
7594,1
7595,0
7596,0
7597,0
7598,4
7599,1
7600,1
7601,0
7602,1
7603,1
7604,0
7605,1
7606,1
7607,1
7608,4
7609,0
7610,0
7611,1
7612,1
7613,1
7614,4
7615,2
7616,0
7617,0
7618,3
7619,1
7620,1
7621,1
7622,3
7623,1
7624,1
7625,0
7626,0
7627,1
7628,3
7629,2
7630,1
7631,1
7632,1
7633,3
7634,0
7635,0
7636,1
7637,4
7638,1
7639,1
7640,1
7641,1
7642,0
7643,4
7644,0
7645,2
7646,0
7647,1
7648,3
7649,0
7650,1
7651,4
7652,1
7653,1
7654,1
7655,1
7656,1
7657,0
7658,0
7659,2
7660,1
7661,1
7662,1
7663,4
7664,0
7665,2
7666,0
7667,1
7668,0
7669,1
7670,2
7671,1
7672,1
7673,3
7674,2
7675,0
7676,2
7677,1
7678,4
7679,4
7680,0
7681,0
7682,0
7683,2
7684,0
7685,0
7686,1
7687,0
7688,1
7689,1
7690,2
7691,0
7692,1
7693,3
7694,2
7695,1
7696,0
7697,3
7698,1
7699,1
7700,1
7701,1
7702,1
7703,1
7704,1
7705,0
7706,1
7707,0
7708,1
7709,1
7710,1
7711,1
7712,0
7713,1
7714,0
7715,0
7716,0
7717,1
7718,0
7719,0
7720,1
7721,1
7722,0
7723,0
7724,0
7725,1
7726,1
7727,1
7728,1
7729,1
7730,1
7731,1
7732,3
7733,1
7734,1
7735,3
7736,3
7737,1
7738,1
7739,2
7740,2
7741,0
7742,1
7743,1
7744,0
7745,0
7746,1
7747,1
7748,0
7749,1
7750,1
7751,0
7752,0
7753,0
7754,2
7755,3
7756,2
7757,1
7758,1
7759,2
7760,0
7761,1
7762,1
7763,3
7764,1
7765,1
7766,0
7767,0
7768,1
7769,0
7770,2
7771,1
7772,4
7773,4
7774,0
7775,0
7776,2
7777,0
7778,2
7779,1
7780,2
7781,1
7782,1
7783,0
7784,0
7785,0
7786,1
7787,0
7788,1
7789,0
7790,0
7791,4
7792,1
7793,2
7794,3
7795,1
7796,1
7797,0
7798,1
7799,1
7800,2
7801,0
7802,1
7803,0
7804,0
7805,2
7806,0
7807,1
7808,1
7809,0
7810,4
7811,1
7812,1
7813,1
7814,1
7815,1
7816,0
7817,0
7818,1
7819,1
7820,1
7821,0
7822,1
7823,1
7824,1
7825,1
7826,1
7827,1
7828,0
7829,1
7830,0
7831,2
7832,0
7833,1
7834,0
7835,0
7836,0
7837,1
7838,1
7839,1
7840,2
7841,1
7842,1
7843,1
7844,0
7845,1
7846,0
7847,1
7848,0
7849,1
7850,1
7851,0
7852,3
7853,0
7854,1
7855,0
7856,3
7857,0
7858,3
7859,4
7860,1
7861,1
7862,2
7863,0
7864,1
7865,1
7866,1
7867,1
7868,1
7869,1
7870,0
7871,1
7872,3
7873,4
7874,1
7875,1
7876,1
7877,1
7878,0
7879,4
7880,1
7881,0
7882,0
7883,0
7884,1
7885,4
7886,1
7887,1
7888,2
7889,1
7890,4
7891,1
7892,1
7893,1
7894,1
7895,0
7896,1
7897,1
7898,1
7899,2
7900,1
7901,1
7902,1
7903,0
7904,0
7905,1
7906,1
7907,0
7908,0
7909,1
7910,3
7911,1
7912,0
7913,0
7914,0
7915,1
7916,0
7917,0
7918,1
7919,1
7920,0
7921,2
7922,1
7923,3
7924,1
7925,1
7926,1
7927,1
7928,1
7929,1
7930,0
7931,0
7932,2
7933,1
7934,0
7935,3
7936,4
7937,0
7938,0
7939,1
7940,1
7941,3
7942,0
7943,1
7944,1
7945,0
7946,1
7947,1
7948,0
7949,0
7950,1
7951,1
7952,0
7953,0
7954,1
7955,1
7956,0
7957,0
7958,1
7959,1
7960,0
7961,0
7962,0
7963,1
7964,0
7965,1
7966,0
7967,0
7968,0
7969,1
7970,0
7971,1
7972,4
7973,0
7974,1
7975,0
7976,4
7977,1
7978,4
7979,1
7980,1
7981,1
7982,1
7983,0
7984,0
7985,0
7986,2
7987,0
7988,1
7989,1
7990,0
7991,1
7992,3
7993,0
7994,0
7995,0
7996,1
7997,1
7998,1
7999,0
8000,0
8001,1
8002,1
8003,4
8004,1
8005,0
8006,0
8007,1
8008,1
8009,0
8010,1
8011,0
8012,1
8013,0
8014,2
8015,1
8016,4
8017,1
8018,1
8019,1
8020,0
8021,1
8022,1
8023,1
8024,0
8025,1
8026,0
8027,3
8028,1
8029,2
8030,2
8031,0
8032,1
8033,1
8034,1
8035,0
8036,3
8037,0
8038,1
8039,1
8040,1
8041,1
8042,3
8043,0
8044,0
8045,0
8046,1
8047,0
8048,1
8049,2
8050,0
8051,1
8052,0
8053,1
8054,1
8055,3
8056,1
8057,0
8058,0
8059,0
8060,2
8061,2
8062,1
8063,0
8064,0
8065,4
8066,0
8067,3
8068,1
8069,1
8070,1
8071,0
8072,1
8073,1
8074,0
8075,3
8076,1
8077,0
8078,1
8079,1
8080,0
8081,0
8082,2
8083,3
8084,3
8085,1
8086,1
8087,1
8088,0
8089,1
8090,1
8091,0
8092,1
8093,4
8094,2
8095,0
8096,1
8097,3
8098,1
8099,3
8100,1
8101,2
8102,1
8103,4
8104,0
8105,1
8106,0
8107,0
8108,3
8109,0
8110,4
8111,4
8112,0
8113,0
8114,0
8115,0
8116,0
8117,0
8118,3
8119,0
8120,0
8121,1
8122,0
8123,1
8124,0
8125,1
8126,0
8127,0
8128,0
8129,1
8130,1
8131,0
8132,0
8133,0
8134,3
8135,1
8136,3
8137,0
8138,1
8139,0
8140,2
8141,0
8142,0
8143,0
8144,1
8145,3
8146,3
8147,1
8148,2
8149,0
8150,0
8151,2
8152,0
8153,2
8154,4
8155,4
8156,0
8157,4
8158,1
8159,0
8160,0
8161,0
8162,0
8163,0
8164,0
8165,2
8166,0
8167,1
8168,1
8169,1
8170,1
8171,0
8172,0
8173,0
8174,0
8175,1
8176,0
8177,0
8178,0
8179,1
8180,2
8181,1
8182,0
8183,1
8184,4
8185,3
8186,0
8187,3
8188,1
8189,0
8190,0
8191,1
8192,0
8193,1
8194,3
8195,0
8196,1
8197,3
8198,3
8199,0
8200,2
8201,0
8202,2
8203,0
8204,1
8205,0
8206,1
8207,1
8208,4
8209,1
8210,0
8211,1
8212,2
8213,1
8214,1
8215,1
8216,0
8217,3
8218,2
8219,2
8220,1
8221,0
8222,3
8223,1
8224,4
8225,3
8226,0
8227,0
8228,1
8229,1
8230,1
8231,2
8232,0
8233,1
8234,1
8235,0
8236,1
8237,1
8238,1
8239,2
8240,1
8241,1
8242,0
8243,0
8244,0
8245,3
8246,0
8247,0
8248,0
8249,0
8250,0
8251,1
8252,0
8253,1
8254,1
8255,1
8256,1
8257,0
8258,1
8259,1
8260,0
8261,0
8262,0
8263,1
8264,0
8265,4
8266,0
8267,1
8268,1
8269,1
8270,1
8271,1
8272,2
8273,1
8274,1
8275,0
8276,0
8277,0
8278,1
8279,1
8280,1
8281,3
8282,1
8283,1
8284,1
8285,3
8286,0
8287,1
8288,1
8289,0
8290,1
8291,1
8292,1
8293,1
8294,1
8295,1
8296,1
8297,1
8298,1
8299,0
8300,3
8301,1
8302,1
8303,1
8304,1
8305,1
8306,0
8307,1
8308,0
8309,1
8310,1
8311,1
8312,1
8313,1
8314,3
8315,1
8316,1
8317,0
8318,1
8319,1
8320,1
8321,0
8322,1
8323,4
8324,1
8325,1
8326,2
8327,1
8328,0
8329,1
8330,1
8331,0
8332,0
8333,2
8334,3
8335,1
8336,0
8337,1
8338,0
8339,1
8340,1
8341,2
8342,1
8343,0
8344,1
8345,0
8346,0
8347,0
8348,1
8349,4
8350,1
8351,1
8352,0
8353,1
8354,1
8355,1
8356,4
8357,1
8358,1
8359,1
8360,0
8361,0
8362,0
8363,1
8364,0
8365,4
8366,0
8367,1
8368,1
8369,4
8370,1
8371,2
8372,1
8373,0
8374,0
8375,0
8376,1
8377,0
8378,0
8379,1
8380,0
8381,2
8382,0
8383,0
8384,3
8385,0
8386,2
8387,1
8388,0
8389,4
8390,0
8391,0
8392,0
8393,2
8394,3
8395,1
8396,1
8397,1
8398,1
8399,0
8400,0
8401,4
8402,0
8403,0
8404,4
8405,0
8406,1
8407,1
8408,1
8409,1
8410,1
8411,1
8412,0
8413,0
8414,0
8415,0
8416,1
8417,1
8418,1
8419,1
8420,2
8421,3
8422,0
8423,1
8424,0
8425,4
8426,1
8427,1
8428,0
8429,0
8430,1
8431,1
8432,1
8433,4
8434,0
8435,0
8436,3
8437,0
8438,2
8439,0
8440,0
8441,1
8442,1
8443,1
8444,0
8445,2
8446,1
8447,1
8448,1
8449,0
8450,1
8451,2
8452,0
8453,1
8454,2
8455,1
8456,1
8457,1
8458,1
8459,2
8460,1
8461,1
8462,0
8463,1
8464,2
8465,0
8466,1
8467,1
8468,2
8469,0
8470,1
8471,4
8472,0
8473,1
8474,0
8475,2
8476,0
8477,1
8478,1
8479,0
8480,1
8481,1
8482,1
8483,4
8484,3
8485,3
8486,1
8487,1
8488,0
8489,2
8490,1
8491,1
8492,0
8493,1
8494,0
8495,1
8496,0
8497,1
8498,1
8499,4
8500,3
8501,0
8502,0
8503,0
8504,2
8505,1
8506,1
8507,0
8508,2
8509,1
8510,3
8511,2
8512,2
8513,0
8514,1
8515,0
8516,0
8517,1
8518,2
8519,1
8520,0
8521,0
8522,0
8523,1
8524,1
8525,0
8526,1
8527,0
8528,1
8529,2
8530,1
8531,1
8532,1
8533,1
8534,3
8535,1
8536,2
8537,3
8538,1
8539,1
8540,0
8541,0
8542,2
8543,1
8544,0
8545,1
8546,1
8547,1
8548,1
8549,0
8550,3
8551,4
8552,0
8553,2
8554,0
8555,0
8556,0
8557,1
8558,4
8559,0
8560,2
8561,1
8562,1
8563,3
8564,0
8565,0
8566,0
8567,1
8568,1
8569,1
8570,1
8571,0
8572,1
8573,0
8574,0
8575,1
8576,2
8577,1
8578,0
8579,1
8580,1
8581,0
8582,1
8583,1
8584,0
8585,1
8586,3
8587,0
8588,0
8589,1
8590,0
8591,1
8592,1
8593,1
8594,1
8595,0
8596,0
8597,1
8598,0
8599,1
8600,0
8601,1
8602,3
8603,1
8604,0
8605,0
8606,1
8607,0
8608,1
8609,1
8610,1
8611,0
8612,3
8613,0
8614,1
8615,0
8616,1
8617,1
8618,4
8619,1
8620,0
8621,0
8622,1
8623,0
8624,0
8625,1
8626,1
8627,1
8628,0
8629,0
8630,0
8631,0
8632,1
8633,1
8634,0
8635,0
8636,0
8637,1
8638,0
8639,0
8640,4
8641,0
8642,1
8643,0
8644,1
8645,4
8646,0
8647,1
8648,1
8649,1
8650,3
8651,1
8652,1
8653,1
8654,1
8655,0
8656,0
8657,1
8658,0
8659,0
8660,1
8661,0
8662,1
8663,1
8664,0
8665,0
8666,1
8667,0
8668,0
8669,1
8670,0
8671,1
8672,0
8673,0
8674,1
8675,1
8676,1
8677,1
8678,1
8679,0
8680,0
8681,3
8682,1
8683,4
8684,1
8685,0
8686,1
8687,0
8688,1
8689,1
8690,1
8691,2
8692,0
8693,1
8694,4
8695,0
8696,0
8697,1
8698,2
8699,0
8700,1
8701,1
8702,0
8703,0
8704,0
8705,1
8706,1
8707,4
8708,1
8709,1
8710,0
8711,0
8712,0
8713,1
8714,1
8715,2
8716,0
8717,0
8718,0
8719,1
8720,0
8721,0
8722,0
8723,0
8724,1
8725,0
8726,0
8727,0
8728,0
8729,1
8730,1
8731,1
8732,0
8733,1
8734,1
8735,1
8736,1
8737,1
8738,1
8739,1
8740,1
8741,1
8742,3
8743,0
8744,2
8745,1
8746,3
8747,0
8748,0
8749,4
8750,1
8751,1
8752,3
8753,1
8754,2
8755,0
8756,3
8757,0
8758,1
8759,0
8760,1
8761,0
8762,4
8763,4
8764,0
8765,0
8766,1
8767,0
8768,1
8769,0
8770,0
8771,0
8772,0
8773,1
8774,1
8775,0
8776,1
8777,4
8778,2
8779,1
8780,1
8781,3
8782,0
8783,4
8784,0
8785,0
8786,1
8787,0
8788,2
8789,1
8790,1
8791,1
8792,0
8793,4
8794,0
8795,0
8796,0
8797,1
8798,0
8799,0
8800,3
8801,0
8802,1
8803,0
8804,1
8805,2
8806,1
8807,0
8808,3
8809,1
8810,0
8811,0
8812,0
8813,0
8814,0
8815,3
8816,1
8817,0
8818,0
8819,3
8820,3
8821,1
8822,4
8823,0
8824,0
8825,2
8826,0
8827,1
8828,1
8829,0
8830,0
8831,3
8832,0
8833,0
8834,0
8835,3
8836,0
8837,0
8838,1
8839,1
8840,1
8841,0
8842,1
8843,1
8844,0
8845,0
8846,0
8847,3
8848,1
8849,0
8850,1
8851,0
8852,0
8853,1
8854,0
8855,2
8856,1
8857,2
8858,1
8859,1
8860,0
8861,1
8862,1
8863,1
8864,2
8865,1
8866,1
8867,1
8868,0
8869,1
8870,1
8871,1
8872,1
8873,0
8874,0
8875,2
8876,0
8877,0
8878,1
8879,4
8880,0
8881,1
8882,1
8883,0
8884,1
8885,0
8886,0
8887,0
8888,1
8889,3
8890,1
8891,0
8892,0
8893,0
8894,2
8895,2
8896,0
8897,1
8898,0
8899,1
8900,2
8901,0
8902,0
8903,0
8904,0
8905,1
8906,0
8907,1
8908,0
8909,1
8910,0
8911,0
8912,1
8913,0
8914,0
8915,2
8916,1
8917,0
8918,1
8919,0
8920,1
8921,0
8922,1
8923,1
8924,1
8925,1
8926,1
8927,1
8928,0
8929,0
8930,0
8931,0
8932,4
8933,1
8934,1
8935,1
8936,1
8937,1
8938,1
8939,0
8940,3
8941,0
8942,0
8943,1
8944,1
8945,1
8946,3
8947,1
8948,4
8949,2
8950,4
8951,1
8952,1
8953,1
8954,3
8955,1
8956,0
8957,0
8958,1
8959,0
8960,2
8961,3
8962,1
8963,1
8964,0
8965,1
8966,1
8967,1
8968,1
8969,0
8970,1
8971,0
8972,1
8973,2
8974,1
8975,1
8976,1
8977,1
8978,1
8979,2
8980,1
8981,1
8982,3
8983,4
8984,0
8985,0
8986,1
8987,3
8988,3
8989,0
8990,1
8991,1
8992,0
8993,0
8994,0
8995,0
8996,2
8997,1
8998,1
8999,1
9000,0
9001,0
9002,0
9003,0
9004,0
9005,0
9006,1
9007,0
9008,1
9009,1
9010,0
9011,0
9012,1
9013,0
9014,1
9015,1
9016,0
9017,0
9018,4
9019,0
9020,2
9021,1
9022,2
9023,0
9024,1
9025,0
9026,1
9027,0
9028,1
9029,0
9030,0
9031,1
9032,1
9033,2
9034,0
9035,1
9036,1
9037,0
9038,0
9039,0
9040,3
9041,0
9042,1
9043,0
9044,4
9045,1
9046,1
9047,1
9048,1
9049,1
9050,1
9051,2
9052,1
9053,0
9054,1
9055,0
9056,4
9057,1
9058,1
9059,3
9060,1
9061,1
9062,4
9063,1
9064,0
9065,0
9066,1
9067,1
9068,0
9069,4
9070,4
9071,1
9072,0
9073,0
9074,1
9075,1
9076,0
9077,4
9078,4
9079,0
9080,3
9081,2
9082,1
9083,0
9084,1
9085,1
9086,3
9087,0
9088,1
9089,1
9090,1
9091,0
9092,0
9093,4
9094,1
9095,2
9096,1
9097,2
9098,1
9099,0
9100,0
9101,2
9102,0
9103,1
9104,1
9105,0
9106,2
9107,3
9108,1
9109,0
9110,1
9111,1
9112,4
9113,3
9114,0
9115,0
9116,1
9117,1
9118,0
9119,1
9120,1
9121,1
9122,0
9123,0
9124,1
9125,1
9126,0
9127,1
9128,3
9129,3
9130,1
9131,0
9132,4
9133,0
9134,0
9135,1
9136,0
9137,1
9138,1
9139,1
9140,2
9141,0
9142,1
9143,0
9144,1
9145,2
9146,1
9147,2
9148,1
9149,4
9150,0
9151,1
9152,0
9153,0
9154,0
9155,1
9156,0
9157,0
9158,1
9159,2
9160,3
9161,1
9162,0
9163,3
9164,2
9165,1
9166,2
9167,0
9168,1
9169,0
9170,4
9171,1
9172,0
9173,1
9174,0
9175,1
9176,1
9177,0
9178,0
9179,0
9180,1
9181,3
9182,4
9183,1
9184,1
9185,1
9186,0
9187,1
9188,1
9189,0
9190,4
9191,0
9192,1
9193,1
9194,2
9195,1
9196,0
9197,0
9198,1
9199,0
9200,0
9201,1
9202,3
9203,1
9204,0
9205,0
9206,3
9207,0
9208,1
9209,1
9210,1
9211,1
9212,1
9213,1
9214,3
9215,1
9216,0
9217,3
9218,2
9219,1
9220,4
9221,1
9222,1
9223,0
9224,0
9225,3
9226,1
9227,1
9228,0
9229,0
9230,4
9231,3
9232,3
9233,0
9234,3
9235,4
9236,1
9237,0
9238,1
9239,0
9240,1
9241,3
9242,1
9243,1
9244,1
9245,1
9246,2
9247,1
9248,2
9249,0
9250,0
9251,0
9252,0
9253,0
9254,1
9255,1
9256,0
9257,1
9258,0
9259,0
9260,1
9261,0
9262,0
9263,2
9264,0
9265,1
9266,3
9267,0
9268,0
9269,0
9270,1
9271,1
9272,1
9273,0
9274,3
9275,3
9276,1
9277,1
9278,1
9279,0
9280,1
9281,1
9282,4
9283,1
9284,0
9285,1
9286,1
9287,1
9288,0
9289,0
9290,1
9291,0
9292,0
9293,1
9294,2
9295,0
9296,2
9297,2
9298,1
9299,1
9300,1
9301,0
9302,0
9303,3
9304,0
9305,1
9306,0
9307,4
9308,1
9309,0
9310,2
9311,1
9312,0
9313,1
9314,3
9315,0
9316,0
9317,1
9318,1
9319,0
9320,2
9321,1
9322,1
9323,1
9324,4
9325,1
9326,0
9327,1
9328,1
9329,1
9330,0
9331,0
9332,2
9333,1
9334,0
9335,1
9336,2
9337,0
9338,0
9339,0
9340,2
9341,1
9342,2
9343,4
9344,0
9345,0
9346,0
9347,4
9348,1
9349,1
9350,2
9351,0
9352,2
9353,1
9354,1
9355,1
9356,1
9357,3
9358,0
9359,0
9360,2
9361,0
9362,2
9363,0
9364,1
9365,1
9366,1
9367,1
9368,1
9369,1
9370,0
9371,2
9372,1
9373,1
9374,2
9375,0
9376,1
9377,0
9378,0
9379,1
9380,1
9381,1
9382,2
9383,1
9384,0
9385,3
9386,1
9387,1
9388,1
9389,0
9390,1
9391,1
9392,1
9393,1
9394,1
9395,3
9396,1
9397,3
9398,0
9399,1
9400,1
9401,0
9402,2
9403,1
9404,1
9405,4
9406,1
9407,0
9408,0
9409,2
9410,1
9411,0
9412,1
9413,1
9414,1
9415,0
9416,0
9417,1
9418,0
9419,0
9420,0
9421,1
9422,0
9423,1
9424,1
9425,4
9426,0
9427,1
9428,0
9429,0
9430,0
9431,0
9432,1
9433,1
9434,0
9435,0
9436,1
9437,0
9438,1
9439,1
9440,1
9441,0
9442,3
9443,1
9444,0
9445,1
9446,4
9447,1
9448,1
9449,0
9450,1
9451,0
9452,4
9453,1
9454,1
9455,1
9456,0
9457,4
9458,1
9459,4
9460,2
9461,0
9462,1
9463,0
9464,1
9465,0
9466,2
9467,0
9468,0
9469,1
9470,1
9471,3
9472,1
9473,0
9474,1
9475,0
9476,0
9477,0
9478,1
9479,2
9480,0
9481,1
9482,1
9483,1
9484,1
9485,0
9486,3
9487,3
9488,1
9489,0
9490,0
9491,1
9492,0
9493,0
9494,1
9495,1
9496,0
9497,3
9498,0
9499,0
9500,3
9501,1
9502,1
9503,1
9504,0
9505,3
9506,1
9507,0
9508,1
9509,1
9510,1
9511,1
9512,1
9513,0
9514,1
9515,1
9516,0
9517,2
9518,1
9519,1
9520,1
9521,0
9522,0
9523,1
9524,0
9525,0
9526,1
9527,0
9528,0
9529,2
9530,3
9531,1
9532,1
9533,1
9534,0
9535,0
9536,1
9537,1
9538,0
9539,1
9540,0
9541,2
9542,0
9543,0
9544,0
9545,0
9546,3
9547,1
9548,1
9549,1
9550,4
9551,1
9552,0
9553,1
9554,1
9555,1
9556,1
9557,3
9558,0
9559,0
9560,1
9561,1
9562,0
9563,1
9564,0
9565,0
9566,4
9567,0
9568,1
9569,1
9570,0
9571,1
9572,4
9573,0
9574,0
9575,2
9576,1
9577,1
9578,0
9579,4
9580,1
9581,1
9582,0
9583,0
9584,4
9585,0
9586,0
9587,2
9588,0
9589,2
9590,0
9591,2
9592,0
9593,3
9594,0
9595,0
9596,0
9597,1
9598,2
9599,0
9600,0
9601,3
9602,2
9603,0
9604,1
9605,0
9606,1
9607,1
9608,0
9609,1
9610,1
9611,3
9612,1
9613,0
9614,0
9615,1
9616,1
9617,1
9618,3
9619,0
9620,4
9621,1
9622,0
9623,1
9624,0
9625,1
9626,1
9627,0
9628,1
9629,0
9630,1
9631,2
9632,0
9633,0
9634,1
9635,1
9636,1
9637,0
9638,1
9639,3
9640,2
9641,3
9642,2
9643,1
9644,1
9645,1
9646,0
9647,1
9648,2
9649,1
9650,1
9651,3
9652,0
9653,3
9654,1
9655,4
9656,0
9657,4
9658,0
9659,0
9660,0
9661,0
9662,0
9663,1
9664,1
9665,1
9666,4
9667,1
9668,1
9669,1
9670,1
9671,1
9672,0
9673,0
9674,0
9675,0
9676,1
9677,1
9678,1
9679,0
9680,1
9681,4
9682,3
9683,1
9684,0
9685,0
9686,1
9687,0
9688,0
9689,0
9690,0
9691,0
9692,1
9693,2
9694,1
9695,1
9696,1
9697,1
9698,1
9699,0
9700,3
9701,0
9702,1
9703,0
9704,1
9705,0
9706,0
9707,0
9708,3
9709,3
9710,1
9711,0
9712,0
9713,4
9714,1
9715,1
9716,1
9717,1
9718,1
9719,1
9720,0
9721,1
9722,1
9723,0
9724,1
9725,1
9726,4
9727,1
9728,0
9729,0
9730,1
9731,2
9732,3
9733,0
9734,3
9735,1
9736,1
9737,1
9738,2
9739,1
9740,3
9741,0
9742,0
9743,4
9744,1
9745,0
9746,0
9747,1
9748,0
9749,4
9750,1
9751,2
9752,1
9753,0
9754,1
9755,1
9756,1
9757,1
9758,1
9759,1
9760,4
9761,1
9762,0
9763,4
9764,1
9765,1
9766,1
9767,0
9768,1
9769,1
9770,1
9771,1
9772,1
9773,1
9774,0
9775,1
9776,0
9777,0
9778,2
9779,0
9780,0
9781,1
9782,1
9783,1
9784,1
9785,1
9786,1
9787,0
9788,1
9789,3
9790,1
9791,0
9792,0
9793,1
9794,1
9795,0
9796,0
9797,1
9798,4
9799,0
9800,0
9801,1
9802,1
9803,0
9804,0
9805,0
9806,3
9807,3
9808,0
9809,3
9810,1
9811,0
9812,1
9813,0
9814,0
9815,3
9816,1
9817,0
9818,0
9819,1
9820,1
9821,1
9822,0
9823,0
9824,2
9825,2
9826,1
9827,1
9828,1
9829,1
9830,0
9831,3
9832,0
9833,0
9834,1
9835,1
9836,1
9837,0
9838,3
9839,1
9840,1
9841,1
9842,2
9843,1
9844,0
9845,0
9846,1
9847,4
9848,0
9849,0
9850,1
9851,0
9852,1
9853,0
9854,0
9855,0
9856,1
9857,1
9858,1
9859,1
9860,4
9861,1
9862,1
9863,1
9864,1
9865,0
9866,0
9867,1
9868,1
9869,0
9870,1
9871,1
9872,0
9873,4
9874,1
9875,4
9876,0
9877,1
9878,0
9879,1
9880,1
9881,0
9882,4
9883,4
9884,0
9885,0
9886,1
9887,1
9888,4
9889,0
9890,1
9891,0
9892,3
9893,1
9894,2
9895,1
9896,0
9897,1
9898,0
9899,3
9900,0
9901,1
9902,1
9903,2
9904,1
9905,0
9906,1
9907,1
9908,1
9909,0
9910,1
9911,1
9912,0
9913,1
9914,2
9915,1
9916,1
9917,1
9918,1
9919,1
9920,0
9921,0
9922,0
9923,0
9924,0
9925,1
9926,0
9927,0
9928,1
9929,1
9930,0
9931,0
9932,3
9933,0
9934,1
9935,0
9936,1
9937,1
9938,0
9939,0
9940,2
9941,1
9942,0
9943,0
9944,0
9945,0
9946,0
9947,1
9948,1
9949,0
9950,0
9951,0
9952,0
9953,0
9954,0
9955,1
9956,0
9957,3
9958,0
9959,1
9960,0
9961,4
9962,1
9963,0
9964,1
9965,0
9966,1
9967,1
9968,1
9969,4
9970,1
9971,1
9972,0
9973,1
9974,0
9975,0
9976,1
9977,0
9978,1
9979,1
9980,0
9981,0
9982,2
9983,1
9984,4
9985,0
9986,0
9987,1
9988,3
9989,1
9990,2
9991,1
9992,0
9993,0
9994,1
9995,1
9996,0
9997,1
9998,1
9999,0
10000,1
10001,1
10002,3
10003,1
10004,1
10005,1
10006,3
10007,1
10008,2
10009,2
10010,0
10011,1
10012,0
10013,4
10014,0
10015,0
10016,4
10017,1
10018,1
10019,1
10020,1
10021,0
10022,0
10023,0
10024,1
10025,1
10026,3
10027,1
10028,0
10029,0
10030,2
10031,0
10032,0
10033,0
10034,1
10035,1
10036,1
10037,1
10038,0
10039,1
10040,0
10041,0
10042,1
10043,1
10044,1
10045,1
10046,0
10047,1
10048,0
10049,1
10050,4
10051,2
10052,0
10053,0
10054,1
10055,2
10056,1
10057,1
10058,3
10059,0
10060,1
10061,1
10062,0
10063,4
10064,1
10065,1
10066,0
10067,0
10068,0
10069,1
10070,0
10071,0
10072,4
10073,1
10074,1
10075,1
10076,0
10077,0
10078,1
10079,1
10080,1
10081,3
10082,0
10083,1
10084,1
10085,1
10086,1
10087,0
10088,0
10089,2
10090,1
10091,0
10092,1
10093,1
10094,1
10095,0
10096,0
10097,1
10098,1
10099,0
10100,1
10101,1
10102,4
10103,1
10104,1
10105,0
10106,1
10107,1
10108,0
10109,1
10110,1
10111,3
10112,0
10113,3
10114,0
10115,1
10116,0
10117,1
10118,0
10119,1
10120,1
10121,2
10122,4
10123,0
10124,4
10125,0
10126,1
10127,0
10128,0
10129,0
10130,1
10131,2
10132,1
10133,0
10134,1
10135,4
10136,1
10137,1
10138,0
10139,0
10140,1
10141,1
10142,0
10143,0
10144,1
10145,1
10146,3
10147,1
10148,0
10149,0
10150,0
10151,0
10152,0
10153,1
10154,0
10155,1
10156,1
10157,1
10158,1
10159,1
10160,0
10161,1
10162,0
10163,1
10164,1
10165,0
10166,1
10167,1
10168,0
10169,0
10170,0
10171,4
10172,1
10173,1
10174,0
10175,2
10176,3
10177,0
10178,1
10179,1
10180,1
10181,1
10182,0
10183,1
10184,3
10185,1
10186,1
10187,1
10188,1
10189,1
10190,2
10191,1
10192,1
10193,1
10194,1
10195,0
10196,1
10197,0
10198,0
10199,0
10200,0
10201,1
10202,0
10203,0
10204,1
10205,2
10206,1
10207,3
10208,1
10209,1
10210,0
10211,1
10212,3
10213,0
10214,2
10215,3
10216,1
10217,0
10218,0
10219,3
10220,0
10221,0
10222,1
10223,1
10224,0
10225,0
10226,0
10227,0
10228,1
10229,3
10230,0
10231,1
10232,4
10233,1
10234,1
10235,0
10236,1
10237,0
10238,0
10239,0
10240,0
10241,1
10242,1
10243,1
10244,1
10245,1
10246,1
10247,2
10248,1
10249,1
10250,0
10251,0
10252,0
10253,0
10254,0
10255,1
10256,0
10257,1
10258,0
10259,0
10260,0
10261,1
10262,1
10263,0
10264,1
10265,1
10266,1
10267,2
10268,0
10269,0
10270,2
10271,4
10272,2
10273,0
10274,1
10275,1
10276,1
10277,1
10278,1
10279,0
10280,0
10281,0
10282,1
10283,0
10284,1
10285,1
10286,4
10287,0
10288,0
10289,1
10290,2
10291,0
10292,1
10293,0
10294,1
10295,0
10296,0
10297,3
10298,2
10299,1
10300,1
10301,0
10302,0
10303,1
10304,1
10305,1
10306,0
10307,0
10308,1
10309,4
10310,0
10311,1
10312,0
10313,0
10314,1
10315,1
10316,1
10317,0
10318,1
10319,1
10320,0
10321,1
10322,1
10323,1
10324,0
10325,0
10326,4
10327,0
10328,1
10329,0
10330,1
10331,1
10332,0
10333,1
10334,3
10335,1
10336,3
10337,2
10338,1
10339,0
10340,1
10341,4
10342,0
10343,0
10344,0
10345,4
10346,1
10347,0
10348,1
10349,2
10350,0
10351,4
10352,1
10353,1
10354,3
10355,0
10356,0
10357,1
10358,1
10359,0
10360,0
10361,2
10362,1
10363,1
10364,0
10365,0
10366,0
10367,0
10368,0
10369,0
10370,0
10371,1
10372,0
10373,1
10374,1
10375,1
10376,0
10377,0
10378,0
10379,1
10380,0
10381,0
10382,0
10383,1
10384,1
10385,4
10386,1
10387,0
10388,1
10389,4
10390,0
10391,1
10392,0
10393,1
10394,0
10395,2
10396,1
10397,1
10398,2
10399,0
10400,0
10401,3
10402,1
10403,0
10404,0
10405,0
10406,0
10407,1
10408,0
10409,1
10410,0
10411,0
10412,0
10413,1
10414,1
10415,1
10416,0
10417,0
10418,0
10419,1
10420,1
10421,0
10422,1
10423,1
10424,0
10425,2
10426,0
10427,0
10428,1
10429,0
10430,1
10431,0
10432,1
10433,1
10434,1
10435,1
10436,1
10437,1
10438,0
10439,1
10440,0
10441,0
10442,3
10443,1
10444,1
10445,1
10446,1
10447,0
10448,1
10449,0
10450,1
10451,0
10452,1
10453,0
10454,0
10455,1
10456,1
10457,1
10458,3
10459,1
10460,1
10461,1
10462,1
10463,1
10464,2
10465,0
10466,1
10467,1
10468,1
10469,1
10470,1
10471,0
10472,0
10473,1
10474,1
10475,1
10476,1
10477,1
10478,4
10479,1
10480,0
10481,0
10482,1
10483,0
10484,4
10485,1
10486,1
10487,1
10488,1
10489,1
10490,0
10491,1
10492,1
10493,1
10494,0
10495,1
10496,1
10497,4
10498,1
10499,0
10500,1
10501,0
10502,0
10503,0
10504,2
10505,0
10506,1
10507,1
10508,1
10509,0
10510,0
10511,0
10512,1
10513,1
10514,1
10515,1
10516,1
10517,2
10518,1
10519,1
10520,2
10521,0
10522,2
10523,0
10524,0
10525,0
10526,1
10527,1
10528,0
10529,3
10530,1
10531,3
10532,2
10533,4
10534,0
10535,1
10536,0
10537,0
10538,0
10539,0
10540,0
10541,4
10542,1
10543,0
10544,0
10545,4
10546,3
10547,4
10548,0
10549,1
10550,0
10551,1
10552,0
10553,2
10554,4
10555,1
10556,4
10557,0
10558,0
10559,0
10560,0
10561,1
10562,1
10563,0
10564,1
10565,2
10566,1
10567,2
10568,1
10569,0
10570,0
10571,1
10572,1
10573,0
10574,1
10575,3
10576,1
10577,1
10578,1
10579,2
10580,1
10581,1
10582,0
10583,1
10584,1
10585,0
10586,0
10587,1
10588,1
10589,1
10590,0
10591,0
10592,1
10593,0
10594,0
10595,1
10596,1
10597,1
10598,3
10599,1
10600,1
10601,0
10602,1
10603,1
10604,1
10605,0
10606,0
10607,1
10608,3
10609,1
10610,1
10611,0
10612,0
10613,0
10614,1
10615,1
10616,4
10617,1
10618,1
10619,0
10620,0
10621,1
10622,0
10623,1
10624,0
10625,1
10626,1
10627,0
10628,0
10629,0
10630,1
10631,0
10632,0
10633,0
10634,0
10635,1
10636,0
10637,1
10638,1
10639,1
10640,0
10641,1
10642,2
10643,0
10644,0
10645,0
10646,0
10647,4
10648,2
10649,0
10650,0
10651,0
10652,1
10653,1
10654,2
10655,1
10656,0
10657,1
10658,1
10659,0
10660,0
10661,1
10662,2
10663,1
10664,0
10665,2
10666,1
10667,1
10668,0
10669,0
10670,3
10671,0
10672,0
10673,1
10674,0
10675,3
10676,0
10677,1
10678,0
10679,0
10680,2
10681,1
10682,0
10683,3
10684,1
10685,0
10686,1
10687,1
10688,0
10689,0
10690,2
10691,1
10692,1
10693,1
10694,1
10695,1
10696,0
10697,0
10698,0
10699,3
10700,1
10701,1
10702,1
10703,1
10704,2
10705,1
10706,0
10707,0
10708,1
10709,1
10710,1
10711,3
10712,1
10713,1
10714,2
10715,0
10716,3
10717,0
10718,0
10719,0
10720,0
10721,1
10722,0
10723,0
10724,1
10725,1
10726,0
10727,1
10728,0
10729,0
10730,3
10731,0
10732,1
10733,4
10734,0
10735,0
10736,1
10737,1
10738,4
10739,1
10740,0
10741,2
10742,1
10743,0
10744,1
10745,4
10746,3
10747,3
10748,4
10749,0
10750,1
10751,0
10752,4
10753,1
10754,0
10755,4
10756,0
10757,1
10758,1
10759,0
10760,1
10761,1
10762,1
10763,0
10764,1
10765,1
10766,0
10767,3
10768,0
10769,1
10770,3
10771,0
10772,1
10773,0
10774,0
10775,1
10776,3
10777,0
10778,1
10779,1
10780,0
10781,1
10782,0
10783,1
10784,1
10785,1
10786,0
10787,0
10788,4
10789,1
10790,2
10791,2
10792,1
10793,2
10794,0
10795,0
10796,0
10797,3
10798,1
10799,1
10800,1
10801,1
10802,0
10803,3
10804,3
10805,3
10806,1
10807,0
10808,2
10809,0
10810,1
10811,0
10812,4
10813,4
10814,1
10815,1
10816,0
10817,2
10818,0
10819,1
10820,0
10821,1
10822,1
10823,0
10824,0
10825,1
10826,0
10827,1
10828,4
10829,1
10830,0
10831,3
10832,4
10833,0
10834,4
10835,1
10836,1
10837,0
10838,1
10839,1
10840,0
10841,4
10842,3
10843,1
10844,1
10845,1
10846,4
10847,0
10848,0
10849,2
10850,0
10851,1
10852,1
10853,0
10854,0
10855,0
10856,0
10857,1
10858,1
10859,3
10860,0
10861,1
10862,0
10863,4
10864,0
10865,0
10866,1
10867,0
10868,1
10869,3
10870,1
10871,1
10872,0
10873,0
10874,1
10875,0
10876,2
10877,3
10878,3
10879,3
10880,0
10881,1
10882,0
10883,2
10884,3
10885,0
10886,0
10887,4
10888,1
10889,1
10890,0
10891,3
10892,0
10893,2
10894,4
10895,0
10896,0
10897,3
10898,0
10899,4
10900,1
10901,1
10902,1
10903,0
10904,0
10905,0
10906,1
10907,4
10908,1
10909,0
10910,1
10911,1
10912,0
10913,4
10914,1
10915,0
10916,4
10917,0
10918,0
10919,3
10920,1
10921,0
10922,0
10923,0
10924,1
10925,4
10926,0
10927,1
10928,0
10929,0
10930,0
10931,1
10932,1
10933,1
10934,1
10935,1
10936,0
10937,1
10938,0
10939,1
10940,1
10941,1
10942,4
10943,0
10944,1
10945,0
10946,1
10947,2
10948,0
10949,1
10950,1
10951,1
10952,1
10953,1
10954,3
10955,3
10956,3
10957,1
10958,0
10959,3
10960,1
10961,1
10962,0
10963,4
10964,2
10965,1
10966,2
10967,1
10968,0
10969,1
10970,2
10971,1
10972,0
10973,0
10974,0
10975,0
10976,0
10977,0
10978,1
10979,1
10980,0
10981,0
10982,0
10983,0
10984,0
10985,1
10986,3
10987,1
10988,0
10989,1
10990,0
10991,0
10992,0
10993,0
10994,1
10995,1
10996,1
10997,2
10998,1
10999,1
11000,0
11001,4
11002,2
11003,0
11004,1
11005,1
11006,0
11007,4
11008,1
11009,0
11010,1
11011,4
11012,0
11013,0
11014,0
11015,0
11016,0
11017,1
11018,1
11019,0
11020,0
11021,0
11022,0
11023,0
11024,2
11025,0
11026,1
11027,1
11028,1
11029,4
11030,1
11031,1
11032,2
11033,0
11034,1
11035,0
11036,0
11037,1
11038,1
11039,1
11040,1
11041,1
11042,2
11043,0
11044,1
11045,0
11046,3
11047,0
11048,0
11049,1
11050,2
11051,1
11052,1
11053,1
11054,0
11055,0
11056,0
11057,1
11058,1
11059,1
11060,0
11061,1
11062,1
11063,0
11064,1
11065,1
11066,0
11067,0
11068,0
11069,0
11070,0
11071,0
11072,1
11073,1
11074,0
11075,2
11076,0
11077,4
11078,1
11079,1
11080,1
11081,2
11082,1
11083,1
11084,0
11085,3
11086,0
11087,1
11088,1
11089,2
11090,1
11091,1
11092,1
11093,0
11094,0
11095,0
11096,1
11097,2
11098,3
11099,1
11100,0
11101,0
11102,2
11103,1
11104,1
11105,2
11106,4
11107,0
11108,1
11109,0
11110,0
11111,0
11112,1
11113,1
11114,1
11115,1
11116,3
11117,3
11118,0
11119,0
11120,4
11121,1
11122,0
11123,0
11124,1
11125,1
11126,0
11127,1
11128,0
11129,1
11130,1
11131,1
11132,0
11133,3
11134,1
11135,1
11136,0
11137,0
11138,1
11139,0
11140,1
11141,1
11142,0
11143,1
11144,4
11145,1
11146,0
11147,1
11148,0
11149,0
11150,1
11151,0
11152,0
11153,3
11154,1
11155,1
11156,1
11157,3
11158,0
11159,2
11160,0
11161,3
11162,1
11163,0
11164,3
11165,0
11166,4
11167,1
11168,1
11169,0
11170,2
11171,0
11172,0
11173,3
11174,1
11175,1
11176,3
11177,1
11178,0
11179,1
11180,3
11181,0
11182,0
11183,1
11184,1
11185,1
11186,1
11187,1
11188,0
11189,0
11190,1
11191,0
11192,0
11193,1
11194,0
11195,1
11196,0
11197,1
11198,0
11199,1
11200,1
11201,0
11202,0
11203,4
11204,3
11205,1
11206,2
11207,2
11208,0
11209,1
11210,3
11211,1
11212,0
11213,0
11214,1
11215,1
11216,2
11217,0
11218,4
11219,0
11220,1
11221,3
11222,3
11223,1
11224,3
11225,0
11226,3
11227,2
11228,0
11229,0
11230,1
11231,1
11232,1
11233,2
11234,0
11235,0
11236,0
11237,3
11238,0
11239,0
11240,1
11241,2
11242,1
11243,0
11244,1
11245,1
11246,2
11247,1
11248,0
11249,1
11250,1
11251,0
11252,2
11253,3
11254,3
11255,0
11256,0
11257,4
11258,0
11259,0
11260,1
11261,4
11262,0
11263,3
11264,4
11265,4
11266,1
11267,1
11268,1
11269,1
11270,1
11271,1
11272,0
11273,2
11274,3
11275,0
11276,2
11277,0
11278,1
11279,1
11280,0
11281,1
11282,1
11283,1
11284,0
11285,1
11286,1
11287,0
11288,0
11289,1
11290,1
11291,1
11292,0
11293,1
11294,1
11295,3
11296,2
11297,1
11298,1
11299,3
11300,3
11301,1
11302,2
11303,2
11304,1
11305,4
11306,1
11307,0
11308,0
11309,1
11310,1
11311,1
11312,1
11313,0
11314,1
11315,2
11316,2
11317,0
11318,1
11319,0
11320,0
11321,0
11322,0
11323,1
11324,1
11325,0
11326,0
11327,1
11328,4
11329,1
11330,1
11331,1
11332,3
11333,1
11334,4
11335,0
11336,1
11337,0
11338,1
11339,0
11340,0
11341,1
11342,1
11343,3
11344,1
11345,0
11346,1
11347,4
11348,1
11349,0
11350,1
11351,1
11352,0
11353,1
11354,0
11355,1
11356,4
11357,1
11358,1
11359,3
11360,1
11361,1
11362,0
11363,1
11364,0
11365,0
11366,3
11367,1
11368,0
11369,1
11370,4
11371,1
11372,1
11373,0
11374,0
11375,3
11376,1
11377,1
11378,3
11379,1
11380,1
11381,1
11382,0
11383,2
11384,1
11385,0
11386,0
11387,0
11388,4
11389,0
11390,1
11391,1
11392,0
11393,0
11394,0
11395,1
11396,0
11397,0
11398,0
11399,3
11400,0
11401,0
11402,1
11403,0
11404,1
11405,0
11406,1
11407,1
11408,0
11409,0
11410,1
11411,0
11412,0
11413,4
11414,3
11415,0
11416,2
11417,1
11418,1
11419,4
11420,0
11421,2
11422,0
11423,0
11424,0
11425,1
11426,1
11427,1
11428,1
11429,1
11430,1
11431,0
11432,1
11433,1
11434,1
11435,1
11436,1
11437,1
11438,1
11439,1
11440,1
11441,1
11442,1
11443,0
11444,1
11445,0
11446,1
11447,0
11448,0
11449,1
11450,0
11451,4
11452,3
11453,1
11454,0
11455,0
11456,0
11457,1
11458,3
11459,0
11460,1
11461,0
11462,1
11463,0
11464,1
11465,2
11466,1
11467,1
11468,4
11469,0
11470,3
11471,0
11472,1
11473,0
11474,3
11475,1
11476,2
11477,1
11478,2
11479,1
11480,0
11481,0
11482,1
11483,1
11484,1
11485,0
11486,2
11487,1
11488,0
11489,1
11490,3
11491,1
11492,0
11493,1
11494,1
11495,0
11496,0
11497,1
11498,1
11499,0
11500,1
11501,0
11502,0
11503,0
11504,1
11505,2
11506,1
11507,1
11508,0
11509,0
11510,1
11511,0
11512,0
11513,1
11514,1
11515,2
11516,1
11517,3
11518,1
11519,1
11520,0
11521,0
11522,0
11523,1
11524,0
11525,1
11526,0
11527,0
11528,0
11529,3
11530,0
11531,0
11532,2
11533,1
11534,1
11535,1
11536,0
11537,1
11538,4
11539,1
11540,0
11541,1
11542,0
11543,0
11544,0
11545,2
11546,0
11547,0
11548,1
11549,1
11550,0
11551,3
11552,3
11553,0
11554,1
11555,0
11556,1
11557,1
11558,1
11559,4
11560,1
11561,0
11562,2
11563,1
11564,0
11565,0
11566,1
11567,2
11568,1
11569,1
11570,0
11571,1
11572,0
11573,0
11574,0
11575,4
11576,1
11577,1
11578,0
11579,0
11580,1
11581,0
11582,1
11583,0
11584,1
11585,0
11586,4
11587,2
11588,3
11589,1
11590,0
11591,1
11592,0
11593,0
11594,0
11595,0
11596,0
11597,1
11598,3
11599,0
11600,0
11601,0
11602,1
11603,1
11604,0
11605,1
11606,3
11607,1
11608,2
11609,0
11610,2
11611,0
11612,3
11613,0
11614,1
11615,1
11616,1
11617,0
11618,0
11619,0
11620,0
11621,0
11622,3
11623,0
11624,4
11625,2
11626,2
11627,1
11628,0
11629,0
11630,3
11631,1
11632,1
11633,1
11634,1
11635,0
11636,1
11637,3
11638,0
11639,1
11640,3
11641,0
11642,0
11643,1
11644,1
11645,1
11646,2
11647,0
11648,1
11649,0
11650,0
11651,0
11652,1
11653,1
11654,0
11655,2
11656,0
11657,1
11658,1
11659,1
11660,1
11661,1
11662,1
11663,1
11664,0
11665,0
11666,1
11667,1
11668,3
11669,1
11670,1
11671,1
11672,1
11673,1
11674,1
11675,0
11676,1
11677,1
11678,4
11679,0
11680,3
11681,1
11682,0
11683,1
11684,2
11685,1
11686,0
11687,0
11688,0
11689,2
11690,0
11691,1
11692,1
11693,1
11694,1
11695,0
11696,1
11697,1
11698,0
11699,0
11700,1
11701,1
11702,1
11703,0
11704,0
11705,3
11706,1
11707,0
11708,1
11709,0
11710,0
11711,2
11712,0
11713,4
11714,1
11715,0
11716,1
11717,1
11718,0
11719,1
11720,1
11721,0
11722,2
11723,0
11724,0
11725,0
11726,0
11727,1
11728,0
11729,0
11730,1
11731,3
11732,1
11733,0
11734,1
11735,0
11736,1
11737,1
11738,1
11739,0
11740,2
11741,1
11742,1
11743,0
11744,0
11745,0
11746,3
11747,0
11748,1
11749,1
11750,0
11751,1
11752,0
11753,1
11754,0
11755,1
11756,1
11757,1
11758,1
11759,1
11760,0
11761,1
11762,0
11763,1
11764,1
11765,0
11766,1
11767,2
11768,0
11769,0
11770,0
11771,0
11772,0
11773,1
11774,0
11775,1
11776,1
11777,0
11778,0
11779,1
11780,0
11781,4
11782,1
11783,1
11784,0
11785,1
11786,0
11787,3
11788,1
11789,0
11790,1
11791,0
11792,0
11793,1
11794,0
11795,1
11796,0
11797,2
11798,0
11799,1
11800,1
11801,1
11802,0
11803,1
11804,1
11805,0
11806,1
11807,1
11808,1
11809,0
11810,0
11811,1
11812,3
11813,1
11814,0
11815,0
11816,1
11817,1
11818,0
11819,1
11820,1
11821,2
11822,1
11823,1
11824,1
11825,1
11826,0
11827,1
11828,1
11829,1
11830,1
11831,0
11832,0
11833,1
11834,0
11835,0
11836,2
11837,0
11838,0
11839,1
11840,1
11841,1
11842,1
11843,0
11844,0
11845,4
11846,1
11847,1
11848,1
11849,0
11850,3
11851,0
11852,0
11853,0
11854,1
11855,0
11856,0
11857,0
11858,1
11859,0
11860,1
11861,1
11862,1
11863,1
11864,1
11865,1
11866,0
11867,1
11868,1
11869,3
11870,0
11871,0
11872,0
11873,1
11874,0
11875,1
11876,0
11877,2
11878,3
11879,1
11880,1
11881,1
11882,0
11883,3
11884,1
11885,1
11886,1
11887,0
11888,2
11889,4
11890,0
11891,3
11892,1
11893,1
11894,0
11895,0
11896,1
11897,0
11898,1
11899,1
11900,0
11901,2
11902,3
11903,2
11904,1
11905,0
11906,0
11907,1
11908,0
11909,0
11910,1
11911,3
11912,1
11913,0
11914,1
11915,0
11916,0
11917,0
11918,1
11919,1
11920,0
11921,3
11922,1
11923,0
11924,1
11925,0
11926,0
11927,1
11928,1
11929,1
11930,0
11931,2
11932,1
11933,3
11934,3
11935,0
11936,0
11937,0
11938,0
11939,2
11940,2
11941,1
11942,0
11943,3
11944,1
11945,0
11946,1
11947,0
11948,0
11949,3
11950,3
11951,1
11952,0
11953,0
11954,0
11955,1
11956,3
11957,1
11958,3
11959,1
11960,0
11961,1
11962,1
11963,0
11964,1
11965,1
11966,4
11967,0
11968,1
11969,0
11970,1
11971,1
11972,0
11973,1
11974,0
11975,1
11976,0
11977,0
11978,0
11979,1
11980,0
11981,0
11982,0
11983,4
11984,2
11985,0
11986,1
11987,0
11988,4
11989,1
11990,0
11991,1
11992,1
11993,1
11994,1
11995,4
11996,0
11997,1
11998,0
11999,4
12000,1
12001,3
12002,4
12003,2
12004,2
12005,2
12006,2
12007,2
12008,2
12009,2
12010,2
12011,2
12012,2
12013,2
12014,2
12015,2
12016,2
12017,2
12018,2
12019,2
12020,2
12021,2
12022,2
12023,2
12024,2
12025,2
12026,2
